형태소,품사,분류,카운트
"
",Foreign,문화일보,1
"
",Foreign,월간조선,2
!,Punctuation,MBC,1
!,Punctuation,아주경제,1
!,Punctuation,여성조선,1
"""",Punctuation,AI타임스,2
"""",Punctuation,CNB저널,2
"""",Punctuation,MBN,3
"""",Punctuation,YTN,2
"""",Punctuation,경남매일신문,3
"""",Punctuation,골프타임즈,1
"""",Punctuation,국제뉴스,5
"""",Punctuation,국제신문,2
"""",Punctuation,금강일보,4
"""",Punctuation,녹색경제신문,1
"""",Punctuation,뉴스1,1
"""",Punctuation,뉴스렙,1
"""",Punctuation,뉴스브라이트,2
"""",Punctuation,뉴스인사이드,3
"""",Punctuation,뉴스타운,3
"""",Punctuation,뉴시스,2
"""",Punctuation,데일리그리드,2
"""",Punctuation,데일리한국,4
"""",Punctuation,리서치페이퍼,2
"""",Punctuation,마이데일리,3
"""",Punctuation,매일경제,1
"""",Punctuation,매일신문,2
"""",Punctuation,머니S,2
"""",Punctuation,머니투데이,2
"""",Punctuation,문화뉴스,3
"""",Punctuation,부산일보,6
"""",Punctuation,서울경제,1
"""",Punctuation,스타데일리뉴스,2
"""",Punctuation,스포츠투데이,3
"""",Punctuation,시민일보,2
"""",Punctuation,싱글리스트,2
"""",Punctuation,아시아경제,2
"""",Punctuation,아주경제,1
"""",Punctuation,에너지경제,3
"""",Punctuation,울산종합일보,2
"""",Punctuation,위키리스크한국,2
"""",Punctuation,이데일리,2
"""",Punctuation,이투데이,7
"""",Punctuation,인사이트,3
"""",Punctuation,전기신문,4
"""",Punctuation,제민일보,5
"""",Punctuation,조선일보,4
"""",Punctuation,중도일보,2
"""",Punctuation,티브이데일리,6
"""",Punctuation,파이낸셜 뉴스,2
"""",Punctuation,파이낸셜뉴스,4
"""",Punctuation,하비엔,1
"""",Punctuation,한국경제,3
"""",Punctuation,한국금융신문,2
"""",Punctuation,한국정경신문,1
"""",Punctuation,환경미디어,1
"""('",Punctuation,데일리한국,1
"""..",Punctuation,한국정경신문,1
"""…",Punctuation,경남매일신문,1
"""…",Punctuation,마이데일리,1
"""…",Punctuation,머니투데이,1
"""…",Punctuation,이데일리,1
"""…",Punctuation,이투데이,3
"""…",Punctuation,한국경제,1
"""…",Punctuation,환경미디어,1
"""…'",Punctuation,울산종합일보,1
#6살,Hashtag,아시아투데이,1
#국내,Hashtag,아시아투데이,1
#월수익,Hashtag,아시아투데이,1
',Punctuation,CNB저널,2
',Punctuation,MBC,2
',Punctuation,MBN,2
',Punctuation,Queen,2
',Punctuation,SBS funE,1
',Punctuation,UPI뉴스,3
',Punctuation,YTN,4
',Punctuation,강원일보,1
',Punctuation,경기일보,2
',Punctuation,경남매일신문,4
',Punctuation,경인일보,1
',Punctuation,경향신문,2
',Punctuation,골프타임즈,2
',Punctuation,교통신문,3
',Punctuation,국제뉴스,1
',Punctuation,국제신문,2
',Punctuation,굿모닝경제,1
',Punctuation,글로벌이코노믹,2
',Punctuation,금강일보,5
',Punctuation,녹색경제신문,3
',Punctuation,뉴스1,7
',Punctuation,뉴스렙,2
',Punctuation,뉴스브라이트,2
',Punctuation,뉴스웍스,2
',Punctuation,뉴스인사이드,2
',Punctuation,뉴스컬처,3
',Punctuation,뉴시스,2
',Punctuation,대구일보,3
',Punctuation,데일리한국,5
',Punctuation,리서치페이퍼,2
',Punctuation,마이데일리,8
',Punctuation,매일경제,1
',Punctuation,머니S,6
',Punctuation,머니투데이,5
',Punctuation,메트로신문,2
',Punctuation,문화뉴스,7
',Punctuation,미디어스,3
',Punctuation,법률방송뉴스,3
',Punctuation,베타뉴스,4
',Punctuation,부산일보,2
',Punctuation,브릿지경제,1
',Punctuation,비욘드포스트,4
',Punctuation,서울경제,3
',Punctuation,세계일보,4
',Punctuation,스타뉴스,3
',Punctuation,스타데일리뉴스,1
',Punctuation,스타트업투데이,4
',Punctuation,스포츠서울,3
',Punctuation,스포츠투데이,6
',Punctuation,스포츠한국,3
',Punctuation,시민일보,2
',Punctuation,시선뉴스,1
',Punctuation,싱글리스트,2
',Punctuation,아시아경제,3
',Punctuation,아시아타임즈,1
',Punctuation,안전신문,4
',Punctuation,에너지경제,1
',Punctuation,엑스포츠뉴스,1
',Punctuation,연합뉴스,1
',Punctuation,영남일보,1
',Punctuation,오가닉라이프신문,1
',Punctuation,울산종합일보,3
',Punctuation,위키리스크한국,3
',Punctuation,위키트리,11
',Punctuation,이데일리,3
',Punctuation,이투데이,11
',Punctuation,인사이트,4
',Punctuation,인터뷰365,2
',Punctuation,전기신문,2
',Punctuation,제민일보,3
',Punctuation,제주교통복지신문,4
',Punctuation,조선일보,3
',Punctuation,충청리뷰,2
',Punctuation,쿠키뉴스,1
',Punctuation,파이낸셜뉴스,2
',Punctuation,하비엔,1
',Punctuation,한국경제,18
',Punctuation,한국금융신문,6
',Punctuation,한국일보,2
',Punctuation,허프포스트코리아,1
',Punctuation,헤럴드경제,2
',Punctuation,환경미디어,5
'),Punctuation,데일리한국,1
"',",Punctuation,UPI뉴스,1
"',",Punctuation,경인일보,1
"',",Punctuation,매일경제,1
"',",Punctuation,스타뉴스,1
"',",Punctuation,스포츠서울,1
"',",Punctuation,연합뉴스,1
"',",Punctuation,이데일리,2
"',",Punctuation,제민일보,1
"',",Punctuation,한국경제,2
"',",Punctuation,환경미디어,1
'..,Punctuation,파이낸셜뉴스,1
'...,Punctuation,베타뉴스,1
'...,Punctuation,톱데일리,1
'…,Punctuation,뉴스1,1
'…,Punctuation,뉴스렙,1
'…,Punctuation,브릿지경제,1
'…,Punctuation,한국경제,2
"'…""",Punctuation,뉴스1,1
"'…""",Punctuation,제민일보,1
'…',Punctuation,경남매일신문,1
(,Punctuation,매일신문,1
(,Punctuation,위키트리,1
),Punctuation,매일신문,1
),Punctuation,위키트리,1
+,Punctuation,내외경제tv,1
+,Punctuation,뉴스인사이드,1
+,Punctuation,마이데일리,1
+,Punctuation,머니S,1
+,Punctuation,위키리스크한국,1
+,Punctuation,충청리뷰,1
",",Punctuation,AI타임스,1
",",Punctuation,BBC News 코리아,1
",",Punctuation,CNB저널,1
",",Punctuation,EBN,1
",",Punctuation,MBN,1
",",Punctuation,Queen,1
",",Punctuation,SBS funE,1
",",Punctuation,STN 스포츠,1
",",Punctuation,YTN,1
",",Punctuation,경기일보,1
",",Punctuation,경남매일신문,2
",",Punctuation,경상매일신문,2
",",Punctuation,경상일보,2
",",Punctuation,경인일보,1
",",Punctuation,경향신문,2
",",Punctuation,골프타임즈,1
",",Punctuation,광명지역신문,1
",",Punctuation,교통신문,1
",",Punctuation,국민일보,4
",",Punctuation,국제뉴스,3
",",Punctuation,국제신문,5
",",Punctuation,굿모닝경제,1
",",Punctuation,글로벌이코노믹,2
",",Punctuation,금강일보,1
",",Punctuation,기호일보,2
",",Punctuation,남도일보,1
",",Punctuation,내외경제tv,1
",",Punctuation,노컷뉴스,1
",",Punctuation,녹색경제신문,2
",",Punctuation,뉴스1,2
",",Punctuation,뉴스브라이트,2
",",Punctuation,뉴스웍스,1
",",Punctuation,뉴스웨이,2
",",Punctuation,뉴스인사이드,5
",",Punctuation,뉴스컬처,1
",",Punctuation,뉴스타운,2
",",Punctuation,뉴시스,1
",",Punctuation,당진신문,3
",",Punctuation,대구일보,1
",",Punctuation,더드라이브,1
",",Punctuation,더리더,2
",",Punctuation,데일리그리드,1
",",Punctuation,데일리안,1
",",Punctuation,데일리한국,1
",",Punctuation,동아일보,1
",",Punctuation,로이슈,1
",",Punctuation,리서치페이퍼,2
",",Punctuation,마이데일리,3
",",Punctuation,매일경제,3
",",Punctuation,머니S,1
",",Punctuation,머니투데이,2
",",Punctuation,문화뉴스,6
",",Punctuation,미디어스,1
",",Punctuation,미디어펜,1
",",Punctuation,민중의소리,1
",",Punctuation,부산일보,4
",",Punctuation,비욘드포스트,1
",",Punctuation,서울경제,1
",",Punctuation,서울신문,2
",",Punctuation,스타데일리뉴스,2
",",Punctuation,스타트업투데이,1
",",Punctuation,스포츠경향,1
",",Punctuation,스포츠동아,1
",",Punctuation,스포츠서울,1
",",Punctuation,스포츠투데이,3
",",Punctuation,스포츠한국,1
",",Punctuation,시민일보,2
",",Punctuation,시사매거진,2
",",Punctuation,시선뉴스,1
",",Punctuation,싱글리스트,1
",",Punctuation,아시아경제,1
",",Punctuation,아시아투데이,3
",",Punctuation,아주경제,6
",",Punctuation,안전신문,1
",",Punctuation,업코리아,2
",",Punctuation,에너지경제,3
",",Punctuation,엘르,1
",",Punctuation,영남일보,1
",",Punctuation,울산종합일보,1
",",Punctuation,월간조선,1
",",Punctuation,웹데일리,1
",",Punctuation,위키리스크한국,2
",",Punctuation,위키트리,1
",",Punctuation,이데일리,1
",",Punctuation,이코노뉴스,1
",",Punctuation,이투데이,4
",",Punctuation,인사이트,3
",",Punctuation,인터뷰365,1
",",Punctuation,일간투데이,1
",",Punctuation,일요시사,1
",",Punctuation,일요신문,1
",",Punctuation,전기신문,3
",",Punctuation,제주교통복지신문,1
",",Punctuation,조선일보,1
",",Punctuation,조세일보,2
",",Punctuation,중도일보,2
",",Punctuation,중부일보,1
",",Punctuation,천지일보,1
",",Punctuation,충청리뷰,1
",",Punctuation,충청매일,2
",",Punctuation,쿠키뉴스,1
",",Punctuation,크리스천투데이,1
",",Punctuation,톱데일리,1
",",Punctuation,톱스타뉴스,2
",",Punctuation,티브이데일리,3
",",Punctuation,파이낸셜 뉴스,1
",",Punctuation,포쓰저널,1
",",Punctuation,한강타임즈,1
",",Punctuation,한겨례,1
",",Punctuation,한국경제,6
",",Punctuation,한국금융신문,2
",",Punctuation,한스경제,2
",",Punctuation,헤럴드경제,1
",",Punctuation,화이트페이퍼,2
",",Punctuation,환경미디어,3
-,Punctuation,매경이코노미,1
-,Punctuation,포쓰저널,1
..,Punctuation,AI타임스,1
..,Punctuation,경상일보,1
..,Punctuation,남도일보,1
..,Punctuation,내외경제tv,1
..,Punctuation,대구일보,1
..,Punctuation,메트로신문,1
..,Punctuation,파이낸셜 뉴스,1
..,Punctuation,파이낸셜뉴스,2
..,Punctuation,한강타임즈,1
..,Punctuation,한라일보,1
...,Punctuation,SR타임스,1
...,Punctuation,STN 스포츠,1
...,Punctuation,YTN,1
...,Punctuation,경상일보,1
...,Punctuation,광명지역신문,1
...,Punctuation,국제신문,1
...,Punctuation,글로벌에듀,1
...,Punctuation,뉴스인사이드,3
...,Punctuation,로이슈,1
...,Punctuation,문화뉴스,1
...,Punctuation,민중의소리,1
...,Punctuation,법률방송뉴스,1
...,Punctuation,비욘드포스트,1
...,Punctuation,스타데일리뉴스,2
...,Punctuation,시민일보,1
...,Punctuation,시선뉴스,2
...,Punctuation,아주경제,2
...,Punctuation,울산종합일보,2
...,Punctuation,웹데일리,1
...,Punctuation,위키트리,1
...,Punctuation,이데일리,1
...,Punctuation,일간투데이,1
...,Punctuation,조선일보,2
...,Punctuation,한스경제,1
"...""",Punctuation,이데일리,1
...',Punctuation,YTN,1
..?,Punctuation,아시아뉴스통신,1
1,Number,Queen,1
1,Number,경향신문,1
1,Number,금강일보,1
1,Number,뉴스타운,1
1,Number,매일신문,1
1,Number,머니S,1
1,Number,법률방송뉴스,1
1,Number,스포츠경향,1
1,Number,아시아경제,1
1,Number,아시아투데이,1
1,Number,아주경제,1
1,Number,위키트리,1
1,Number,일요시사,1
1,Number,조세일보,1
1,Number,허프포스트코리아,1
1%,Number,뉴스타운,1
1%,Number,제민일보,1
100억,Number,남도일보,1
100억,Number,매경이코노미,1
100억,Number,문화일보,1
100억,Number,인터뷰365,1
100억원,Number,글로벌이코노믹,1
150만원,Number,세계일보,1
1750만,Number,뉴스인사이드,1
17억,Number,뉴스타운,1
17억,Number,제민일보,1
188억원,Number,한국경제,1
1등,Number,리서치페이퍼,1
1억,Number,sbn뉴스,1
1억,Number,법률방송뉴스,1
1억,Number,아주경제,1
1억,Number,영남일보,1
1억,Number,한국경제,1
1일,Number,월간조선,1
2,Number,이데일리,1
2,Number,인사이트,1
2,Number,조선에듀,1
2000만,Number,녹색경제신문,1
2000만,Number,뉴스렙,1
2000만원,Number,머니S,1
2000억원,Number,톱데일리,1
2019년,Number,데일리한국,1
20억,Number,싱글리스트,1
2100만원,Number,영남일보,1
22억,Number,MBC,1
23일,Number,광명지역신문,1
23일,Number,인사이트코리아,1
2억,Number,대구일보,1
2천만원,Number,조세일보,1
3,Number,뉴스1,1
3,Number,마이데일리,1
3,Number,시민일보,1
"3,100만",Number,강원일보,1
3.3억,Number,골프타임즈,1
3.3억,Number,제민일보,1
3.3억,Number,한국금융신문,1
3.4억,Number,엑스포츠뉴스,1
30,Number,한국금융신문,1
300,Number,법률방송뉴스,1
300억원,Number,한국경제,1
30억,Number,뉴스1,1
30억,Number,마이데일리,1
30억,Number,매경이코노미,1
30억,Number,시민일보,2
30억,Number,조선일보,1
3111만,Number,금강일보,1
3111만,Number,뉴스1,1
33억,Number,SR타임스,1
33억,Number,뉴스1,1
33억원,Number,굿모닝경제,1
35억,Number,국민일보,1
35억,Number,이데일리,1
35억원,Number,서울경제,1
36억,Number,경기도민일보,1
36억,Number,교통신문,1
36억,Number,국제신문,2
36억,Number,내외뉴스통신,1
36억,Number,문화뉴스,1
36억,Number,스타데일리뉴스,1
36억,Number,위키리스크한국,1
36억,Number,한국정경신문,1
37억,Number,MK스포츠,1
37억,Number,경상매일신문,1
37억,Number,공감신문,1
37억,Number,뉴스투데이,1
37억,Number,데일리그리드,1
37억,Number,데일리시큐,1
37억,Number,독서신문,1
37억,Number,매일경제,1
37억,Number,머니투데이,1
37억,Number,문화뉴스,1
37억,Number,부산일보,1
37억,Number,스타데일리뉴스,1
37억,Number,시사매거진,1
37억,Number,에너지경제,1
37억,Number,이코노뉴스,1
37억,Number,이투데이,1
37억,Number,중도일보,1
37억,Number,쿠키뉴스,1
37억,Number,한강타임즈,1
37억,Number,한국경제,2
37억원,Number,국제신문,1
37억원,Number,데일리한국,1
37억원,Number,미주한국일보,1
37억원,Number,스타뉴스,1
37억원,Number,스포츠동아,1
37억원,Number,싱글리스트,1
37억원,Number,아시아투데이,2
37억원,Number,헤럴드경제,1
3년,Number,글로벌이코노믹,1
3년,Number,일간리더스경제,1
3억,Number,국민일보,1
3억,Number,머니S,2
3천만,Number,뉴스컬처,1
3천만,Number,뉴스투데이,1
3천만,Number,마이데일리,1
3천만,Number,톱스타뉴스,1
4,Number,문화일보,1
4000만,Number,SR타임스,1
4000만,Number,민중의소리,1
400억,Number,국제신문,1
400억원,Number,머니S,1
40년,Number,녹색경제신문,1
40년,Number,뉴스렙,1
40년,Number,환경미디어,1
40억,Number,국민일보,1
40억,Number,금강일보,1
40억,Number,데일리안,1
40억,Number,매일경제,1
40억,Number,머니투데이,1
40억,Number,세계일보,1
40억,Number,시민일보,1
40억,Number,월간조선,1
40억,Number,파이낸셜뉴스,1
40조원,Number,매경이코노미,1
41억,Number,대구일보,1
42억,Number,뉴스브라이트,1
42억,Number,뉴스인사이드,1
42억,Number,데일리한국,1
42억,Number,이투데이,2
480억,Number,뉴스타운,1
480억,Number,일요시사,1
4월,Number,비욘드포스트,1
5,Number,MBN,1
5,Number,금강일보,1
5,Number,뉴시스,1
5,Number,더셀럽,1
5,Number,연합뉴스,1
5,Number,한국금융신문,1
500억,Number,인사이트,1
6,Number,MBN,2
6,Number,MK스포츠,1
6,Number,Queen,1
6,Number,SBS funE,1
6,Number,SR타임스,1
6,Number,UPI뉴스,2
6,Number,YTN,1
6,Number,강원일보,1
6,Number,경기일보,1
6,Number,교통신문,1
6,Number,국민일보,1
6,Number,국제뉴스,1
6,Number,국제신문,3
6,Number,굿모닝경제,1
6,Number,글로벌이코노믹,1
6,Number,금강일보,2
6,Number,뉴스1,1
6,Number,뉴스컬처,1
6,Number,뉴스타운,1
6,Number,뉴스토마토,1
6,Number,뉴스투데이,1
6,Number,뉴시스,1
6,Number,대구일보,2
6,Number,데일리안,1
6,Number,데일리한국,1
6,Number,마이데일리,3
6,Number,매일경제,6
6,Number,머니투데이,2
6,Number,메트로신문,1
6,Number,문화뉴스,1
6,Number,미디어펜,1
6,Number,미주한국일보,1
6,Number,부산일보,1
6,Number,브릿지경제,1
6,Number,서울경제,1
6,Number,서울신문,2
6,Number,스타뉴스,1
6,Number,스타데일리뉴스,1
6,Number,스포츠Q,1
6,Number,스포츠경향,1
6,Number,스포츠동아,1
6,Number,스포츠서울,2
6,Number,스포츠투데이,1
6,Number,스포츠한국,1
6,Number,시민일보,3
6,Number,시선뉴스,1
6,Number,아시아경제,1
6,Number,엘르,1
6,Number,여성조선,1
6,Number,연합뉴스,1
6,Number,월간조선,1
6,Number,위키트리,2
6,Number,이데일리,2
6,Number,인사이트,1
6,Number,일요시사,1
6,Number,조선일보,2
6,Number,조세일보,1
6,Number,중도일보,2
6,Number,천지일보,1
6,Number,충청리뷰,1
6,Number,쿠키뉴스,1
6,Number,톱스타뉴스,1
6,Number,파이낸셜뉴스,1
6,Number,한강타임즈,1
6,Number,한국경제,2
6,Number,한국금융신문,1
6,Number,한스경제,1
6,Number,헤럴드경제,1
6,Number,화이트페이퍼,2
6000만원,Number,대구일보,1
65억,Number,한국경제,2
6억,Number,부산일보,1
6억,Number,위키트리,1
6억,Number,일간리더스경제,1
6억원,Number,데일리한국,1
6억원,Number,천지일보,1
75억,Number,부산일보,1
90억,Number,YTN,1
90억,Number,부산일보,1
90억,Number,이데일리,1
90억원,Number,글로벌이코노믹,1
90억원,Number,뉴시스,1
95억,Number,MBN,2
95억,Number,MK스포츠,1
95억,Number,SBS funE,1
95억,Number,STN 스포츠,1
95억,Number,UPI뉴스,2
95억,Number,YTN,2
95억,Number,경인일보,1
95억,Number,경향신문,1
95억,Number,교통신문,1
95억,Number,국제신문,4
95억,Number,글로벌이코노믹,1
95억,Number,금강일보,3
95억,Number,뉴스1,1
95억,Number,뉴스컬처,1
95억,Number,뉴스투데이,1
95억,Number,뉴시스,1
95억,Number,더셀럽,1
95억,Number,데일리안,1
95억,Number,동아일보,1
95억,Number,마이데일리,3
95억,Number,매일경제,5
95억,Number,머니투데이,3
95억,Number,메트로신문,1
95억,Number,문화뉴스,2
95억,Number,미디어펜,1
95억,Number,부산일보,2
95억,Number,브릿지경제,1
95억,Number,서울경제,1
95억,Number,서울신문,2
95억,Number,서울와이어,1
95억,Number,세계일보,2
95억,Number,스타뉴스,1
95억,Number,스타데일리뉴스,2
95억,Number,스포츠Q,2
95억,Number,스포츠동아,1
95억,Number,스포츠서울,1
95억,Number,스포츠투데이,1
95억,Number,시민일보,1
95억,Number,시선뉴스,2
95억,Number,싱글리스트,2
95억,Number,아시아경제,1
95억,Number,아시아뉴스통신,1
95억,Number,아시아투데이,1
95억,Number,아주경제,2
95억,Number,업코리아,1
95억,Number,엘르,1
95억,Number,여성조선,1
95억,Number,연합뉴스,1
95억,Number,위키트리,2
95억,Number,이데일리,1
95억,Number,인사이트,2
95억,Number,조세일보,1
95억,Number,중도일보,2
95억,Number,쿠키뉴스,1
95억,Number,톱스타뉴스,2
95억,Number,티브이데일리,1
95억,Number,한국경제,3
95억,Number,한국일보,1
95억,Number,한스경제,2
95억,Number,허프포스트코리아,1
95억,Number,헤럴드경제,1
95억,Number,화이트페이퍼,2
95억원,Number,Queen,1
95억원,Number,경기일보,1
95억원,Number,경인일보,1
95억원,Number,국민일보,1
95억원,Number,뉴스웨이,1
95억원,Number,마이데일리,1
95억원,Number,매일경제,1
95억원,Number,민중의소리,1
95억원,Number,브릿지경제,1
95억원,Number,스타뉴스,1
95억원,Number,스포츠경향,1
95억원,Number,스포츠서울,1
95억원,Number,아시아투데이,1
95억원,Number,에너지경제,1
95억원,Number,오가닉라이프신문,1
95억원,Number,조선일보,1
95억원,Number,중부일보,1
95억원,Number,티브이데일리,1
95억원,Number,한국금융신문,1
96억,Number,마이데일리,1
:,Punctuation,BBC News 코리아,1
=,Punctuation,세계일보,1
?,Punctuation,AI타임스,1
?,Punctuation,BBC News 코리아,1
?,Punctuation,EBN,1
?,Punctuation,KBS,1
?,Punctuation,MBC,1
?,Punctuation,SR타임스,1
?,Punctuation,UPI뉴스,1
?,Punctuation,YTN,1
?,Punctuation,경상매일신문,2
?,Punctuation,경상일보,2
?,Punctuation,경인일보,1
?,Punctuation,경향신문,1
?,Punctuation,광명지역신문,1
?,Punctuation,교통신문,1
?,Punctuation,국민일보,2
?,Punctuation,국제뉴스,2
?,Punctuation,국제신문,1
?,Punctuation,굿모닝경제,1
?,Punctuation,글로벌에듀,1
?,Punctuation,글로벌이코노믹,1
?,Punctuation,금강일보,2
?,Punctuation,남도일보,1
?,Punctuation,내외경제tv,2
?,Punctuation,녹색경제신문,2
?,Punctuation,뉴스렙,1
?,Punctuation,뉴스브라이트,3
?,Punctuation,뉴스인사이드,3
?,Punctuation,뉴스컬처,1
?,Punctuation,뉴스타운,1
?,Punctuation,대구일보,1
?,Punctuation,더드라이브,1
?,Punctuation,더리더,1
?,Punctuation,더셀럽,1
?,Punctuation,데일리안,1
?,Punctuation,데일리한국,1
?,Punctuation,독서신문,1
?,Punctuation,리서치페이퍼,1
?,Punctuation,마이데일리,2
?,Punctuation,매일경제,1
?,Punctuation,매일신문,2
?,Punctuation,문화뉴스,2
?,Punctuation,미디어펜,1
?,Punctuation,서울와이어,1
?,Punctuation,세계일보,1
?,Punctuation,스타데일리뉴스,1
?,Punctuation,스타트업투데이,1
?,Punctuation,스포츠Q,1
?,Punctuation,스포츠서울,1
?,Punctuation,시사매거진,1
?,Punctuation,시선뉴스,1
?,Punctuation,싱글리스트,1
?,Punctuation,아시아타임즈,1
?,Punctuation,아시아투데이,1
?,Punctuation,아주경제,4
?,Punctuation,업코리아,1
?,Punctuation,에너지경제,1
?,Punctuation,엑스포츠뉴스,1
?,Punctuation,울산종합일보,3
?,Punctuation,월간조선,1
?,Punctuation,위키리스크한국,1
?,Punctuation,이데일리,2
?,Punctuation,이코노뉴스,1
?,Punctuation,이투데이,1
?,Punctuation,인사이트,1
?,Punctuation,일간투데이,2
?,Punctuation,제주교통복지신문,1
?,Punctuation,중도일보,3
?,Punctuation,천지일보,1
?,Punctuation,톱스타뉴스,1
?,Punctuation,티브이데일리,1
?,Punctuation,파이낸셜뉴스,1
?,Punctuation,한국경제,1
?,Punctuation,한국금융신문,1
?,Punctuation,한국일보,2
?,Punctuation,한라일보,1
?,Punctuation,한스경제,1
?,Punctuation,화이트페이퍼,2
?,Punctuation,환경미디어,1
"?!""···",Punctuation,인사이트,1
"?""",Punctuation,매일경제,1
"?""",Punctuation,시민일보,1
"?""",Punctuation,울산종합일보,1
"?""",Punctuation,하비엔,1
"?""…",Punctuation,데일리한국,1
?',Punctuation,뉴스컬처,1
?'..',Punctuation,위키리스크한국,1
?..,Punctuation,스타뉴스,1
?...,Punctuation,경기도민일보,1
?...,Punctuation,글로벌이코노믹,1
"?...""",Punctuation,시민일보,1
??,Punctuation,화이트페이퍼,1
?’,Punctuation,금강일보,1
?’,Punctuation,서울신문,1
?’,Punctuation,톱스타뉴스,1
?…,Punctuation,국민일보,1
?…,Punctuation,녹색경제신문,1
?…,Punctuation,뉴스1,1
?…,Punctuation,뉴스웍스,1
?…,Punctuation,뉴스웨이,1
?…,Punctuation,매일신문,1
?…,Punctuation,문화뉴스,1
?…,Punctuation,서울경제,1
?…,Punctuation,천지일보,1
"?…""",Punctuation,머니투데이,1
?…',Punctuation,머니S,1
?…',Punctuation,이투데이,2
BJ,Alpha,뉴스렙,1
BJ,Alpha,시빅뉴스,1
CNN,Alpha,뉴스1,1
CNN,Alpha,뉴시스,1
CNN,Alpha,머니S,1
MBC,Alpha,시사저널,1
MBC,Alpha,월간조선,1
NO,Alpha,스타데일리뉴스,1
TV,Alpha,뉴스웍스,1
TV,Alpha,동아일보,1
VS,Alpha,MBN,1
VS,Alpha,교통신문,1
VS,Alpha,국제신문,2
VS,Alpha,서울와이어,1
[,Punctuation,이데일리,1
],Punctuation,이데일리,1
`,Punctuation,강원일보,1
`,Punctuation,경상매일신문,7
`,Punctuation,뉴스브라이트,2
`,Punctuation,매일경제,3
`,Punctuation,한국경제,2
"`,",Punctuation,경상매일신문,1
`…,Punctuation,매일경제,1
ing,Alpha,마이데일리,1
notch,Alpha,비욘드포스트,1
notch,Alpha,스타트업투데이,1
top,Alpha,비욘드포스트,1
top,Alpha,스타트업투데이,1
vs,Alpha,뉴스인사이드,1
vs,Alpha,부산일보,1
vs,Alpha,티브이데일리,1
~,Punctuation,경상일보,1
~,Punctuation,대구일보,1
~’,Punctuation,시사매거진,1
·,Punctuation,경상매일신문,1
·,Punctuation,국민일보,1
·,Punctuation,국제뉴스,1
·,Punctuation,글로벌이코노믹,1
·,Punctuation,뉴스1,2
·,Punctuation,대구일보,1
·,Punctuation,매일경제,1
·,Punctuation,문화일보,1
·,Punctuation,서울경제,1
·,Punctuation,스포츠경향,1
·,Punctuation,시빅뉴스,3
·,Punctuation,아주경제,1
·,Punctuation,에너지경제,1
·,Punctuation,이뉴스투데이,1
·,Punctuation,이데일리,1
·,Punctuation,이투데이,4
·,Punctuation,전기신문,1
·,Punctuation,티브이데일리,1
···,Punctuation,경향신문,1
···,Punctuation,금강일보,1
···,Punctuation,아이뉴스,1
˝,Foreign,경상매일신문,4
‘,Foreign,KBS,2
‘,Foreign,MK스포츠,1
‘,Foreign,STN 스포츠,2
‘,Foreign,sbn뉴스,2
‘,Foreign,경기도민일보,1
‘,Foreign,경상매일신문,1
‘,Foreign,경상일보,2
‘,Foreign,경향신문,1
‘,Foreign,국민일보,3
‘,Foreign,국제신문,7
‘,Foreign,글로벌에듀,4
‘,Foreign,금강일보,1
‘,Foreign,내외뉴스통신,2
‘,Foreign,뉴스웨이,2
‘,Foreign,뉴스토마토,1
‘,Foreign,뉴스투데이,1
‘,Foreign,더리더,2
‘,Foreign,더셀럽,3
‘,Foreign,데일리그리드,1
‘,Foreign,독서신문,3
‘,Foreign,동아일보,2
‘,Foreign,매경이코노미,1
‘,Foreign,매일경제,1
‘,Foreign,문화뉴스,1
‘,Foreign,문화일보,1
‘,Foreign,미디어오늘,1
‘,Foreign,미주한국일보,1
‘,Foreign,블록체인밸리,2
‘,Foreign,비욘드포스트,2
‘,Foreign,서울신문,3
‘,Foreign,서울와이어,2
‘,Foreign,세계일보,3
‘,Foreign,스포츠경향,2
‘,Foreign,시사매거진,3
‘,Foreign,아시아뉴스통신,1
‘,Foreign,아시아투데이,6
‘,Foreign,아주경제,2
‘,Foreign,업코리아,4
‘,Foreign,에너지경제,2
‘,Foreign,오피니언뉴스,1
‘,Foreign,울산종합일보,1
‘,Foreign,월간조선,4
‘,Foreign,이데일리,1
‘,Foreign,인사이트,1
‘,Foreign,인사이트코리아,1
‘,Foreign,인천일보,2
‘,Foreign,일간리더스경제,2
‘,Foreign,일간투데이,2
‘,Foreign,일요시사,1
‘,Foreign,제주교통복지신문,2
‘,Foreign,조선에듀,1
‘,Foreign,중부일보,2
‘,Foreign,천지일보,2
‘,Foreign,축산신문,1
‘,Foreign,크리스천투데이,1
‘,Foreign,톱스타뉴스,5
‘,Foreign,한라일보,1
‘,Foreign,화이트페이퍼,1
‘高,Foreign,일간투데이,1
’,Punctuation,KBS,2
’,Punctuation,STN 스포츠,2
’,Punctuation,sbn뉴스,2
’,Punctuation,경기도민일보,1
’,Punctuation,경남데일리,1
’,Punctuation,경상매일신문,1
’,Punctuation,경상일보,2
’,Punctuation,경향신문,1
’,Punctuation,광명지역신문,2
’,Punctuation,국민일보,3
’,Punctuation,국제신문,8
’,Punctuation,글로벌에듀,3
’,Punctuation,내외뉴스통신,1
’,Punctuation,뉴스웨이,2
’,Punctuation,더리더,2
’,Punctuation,더셀럽,2
’,Punctuation,데일리그리드,1
’,Punctuation,독서신문,3
’,Punctuation,동아일보,2
’,Punctuation,매경이코노미,1
’,Punctuation,매일경제,1
’,Punctuation,문화뉴스,1
’,Punctuation,문화일보,1
’,Punctuation,미디어오늘,1
’,Punctuation,미주한국일보,1
’,Punctuation,블록체인밸리,2
’,Punctuation,비욘드포스트,2
’,Punctuation,서울신문,2
’,Punctuation,서울와이어,2
’,Punctuation,세계일보,3
’,Punctuation,스포츠경향,2
’,Punctuation,시사매거진,2
’,Punctuation,아시아뉴스통신,1
’,Punctuation,아시아투데이,5
’,Punctuation,아주경제,1
’,Punctuation,업코리아,4
’,Punctuation,에너지경제,2
’,Punctuation,오피니언뉴스,1
’,Punctuation,울산종합일보,1
’,Punctuation,월간조선,4
’,Punctuation,인사이트코리아,2
’,Punctuation,인천일보,2
’,Punctuation,일간리더스경제,2
’,Punctuation,일간투데이,3
’,Punctuation,일요시사,1
’,Punctuation,일요신문,1
’,Punctuation,제주교통복지신문,2
’,Punctuation,조선에듀,1
’,Punctuation,중부일보,1
’,Punctuation,천지일보,2
’,Punctuation,축산신문,1
’,Punctuation,크리스천투데이,1
’,Punctuation,톱스타뉴스,3
’,Punctuation,한국스포츠통신,1
’,Punctuation,한라일보,1
’,Punctuation,화이트페이퍼,1
"’,",Punctuation,MK스포츠,1
"’,",Punctuation,뉴스토마토,1
"’,",Punctuation,뉴스투데이,1
"’,",Punctuation,더셀럽,1
"’,",Punctuation,아주경제,1
"’,",Punctuation,톱스타뉴스,1
’...,Punctuation,글로벌에듀,1
’...,Punctuation,내외뉴스통신,1
’…,Punctuation,국제신문,1
’…,Punctuation,아시아투데이,1
’…,Punctuation,이데일리,1
’…,Punctuation,인사이트,1
“,Foreign,교통신문,2
“,Foreign,국민일보,2
“,Foreign,뉴스인사이드,3
“,Foreign,브릿지경제,1
“,Foreign,서울신문,1
“,Foreign,서울와이어,2
“,Foreign,세계일보,1
“,Foreign,아시아투데이,3
“,Foreign,위키트리,5
“,Foreign,이코노뉴스,1
“,Foreign,일요시사,2
“,Foreign,중도일보,2
“,Foreign,천지일보,1
“,Foreign,헤럴드경제,1
“,Foreign,화이트페이퍼,2
“‘,Foreign,일요신문,1
”,Foreign,교통신문,2
”,Foreign,국민일보,2
”,Foreign,뉴스인사이드,3
”,Foreign,브릿지경제,1
”,Foreign,서울신문,1
”,Foreign,서울와이어,2
”,Foreign,세계일보,1
”,Foreign,아시아투데이,3
”,Foreign,위키트리,5
”,Foreign,이데일리,2
”,Foreign,이코노뉴스,1
”,Foreign,일요시사,2
”,Foreign,일요신문,1
”,Foreign,중도일보,2
”,Foreign,천지일보,1
”,Foreign,헤럴드경제,1
”,Foreign,화이트페이퍼,2
…,Punctuation,EBN,1
…,Punctuation,KBS,2
…,Punctuation,MBN,1
…,Punctuation,MK스포츠,1
…,Punctuation,SBS funE,1
…,Punctuation,YTN,1
…,Punctuation,sbn뉴스,2
…,Punctuation,강원일보,1
…,Punctuation,경상매일신문,2
…,Punctuation,광명지역신문,2
…,Punctuation,교통신문,1
…,Punctuation,국민일보,3
…,Punctuation,국제뉴스,1
…,Punctuation,국제신문,5
…,Punctuation,글로벌에듀,1
…,Punctuation,글로벌이코노믹,1
…,Punctuation,녹색경제신문,2
…,Punctuation,뉴스1,1
…,Punctuation,뉴스컬처,1
…,Punctuation,뉴스타운,1
…,Punctuation,뉴스토마토,1
…,Punctuation,대구일보,1
…,Punctuation,더셀럽,1
…,Punctuation,데일리안,1
…,Punctuation,데일리한국,1
…,Punctuation,매일경제,1
…,Punctuation,머니S,2
…,Punctuation,머니투데이,1
…,Punctuation,문화뉴스,1
…,Punctuation,문화일보,1
…,Punctuation,미디어펜,1
…,Punctuation,부산일보,1
…,Punctuation,브릿지경제,1
…,Punctuation,블록체인밸리,2
…,Punctuation,비욘드포스트,2
…,Punctuation,서울경제,1
…,Punctuation,서울와이어,1
…,Punctuation,세계일보,2
…,Punctuation,스포츠경향,1
…,Punctuation,시사매거진,3
…,Punctuation,아시아경제,1
…,Punctuation,아시아투데이,2
…,Punctuation,아주경제,1
…,Punctuation,업코리아,3
…,Punctuation,에너지경제,1
…,Punctuation,엑스포츠뉴스,1
…,Punctuation,위키트리,1
…,Punctuation,이뉴스투데이,1
…,Punctuation,이데일리,1
…,Punctuation,이코노뉴스,1
…,Punctuation,이투데이,1
…,Punctuation,인사이트코리아,2
…,Punctuation,인천일보,2
…,Punctuation,일간리더스경제,3
…,Punctuation,일요시사,1
…,Punctuation,전기신문,1
…,Punctuation,제민일보,1
…,Punctuation,제주교통복지신문,2
…,Punctuation,조선일보,2
…,Punctuation,조세일보,1
…,Punctuation,중도일보,2
…,Punctuation,천지일보,2
…,Punctuation,축산신문,1
…,Punctuation,크리스천투데이,1
…,Punctuation,톱스타뉴스,2
…,Punctuation,한국경제,1
…,Punctuation,한국금융신문,1
…,Punctuation,한국스포츠통신,1
…,Punctuation,한스경제,2
…,Punctuation,헤럴드경제,1
…,Punctuation,화이트페이퍼,1
…,Punctuation,환경미디어,3
"…""",Punctuation,MBN,1
"…""",Punctuation,골프타임즈,1
"…""",Punctuation,국제뉴스,1
"…""",Punctuation,녹색경제신문,1
"…""",Punctuation,뉴스렙,1
"…""",Punctuation,뉴스인사이드,1
"…""",Punctuation,뉴스타운,1
"…""",Punctuation,문화뉴스,1
"…""",Punctuation,서울경제,1
"…""",Punctuation,스포츠투데이,1
"…""",Punctuation,아주경제,1
"…""",Punctuation,에너지경제,1
"…""",Punctuation,이투데이,2
"…""",Punctuation,전기신문,2
"…""",Punctuation,한국경제,2
…',Punctuation,뉴스렙,1
…',Punctuation,대구일보,1
…',Punctuation,매일경제,1
…',Punctuation,머니투데이,1
…’,Punctuation,중부일보,1
↑,Foreign,골프타임즈,1
↑,Foreign,울산종합일보,1
↑,Foreign,한국정경신문,1
→,Foreign,녹색경제신문,1
→,Foreign,마이데일리,2
→,Foreign,톱스타뉴스,1
②,Foreign,이데일리,1
史,Foreign,티브이데일리,1
性,Foreign,골프타임즈,1
性,Foreign,제민일보,1
性,Foreign,한국금융신문,1
新,Foreign,조선일보,1
月,Foreign,스타뉴스,1
月,Foreign,이데일리,1
月,Foreign,이투데이,2
月,Foreign,파이낸셜뉴스,1
美,Foreign,녹색경제신문,1
美,Foreign,비욘드포스트,1
美,Foreign,스타트업투데이,1
美,Foreign,환경미디어,1
靑,Foreign,경상매일신문,1
靑,Foreign,베타뉴스,1
靑,Foreign,이투데이,1
高,Foreign,울산종합일보,1
가,Josa,글로벌이코노믹,2
가,Josa,뉴스브라이트,1
가,Josa,뉴스인사이드,1
가,Josa,뉴스타운,1
가,Josa,더리더,1
가,Josa,매일경제,1
가,Josa,머니투데이,2
가,Josa,문화뉴스,1
가,Josa,비욘드포스트,1
가,Josa,스타트업투데이,1
가,Josa,시사저널,1
가,Josa,시선뉴스,1
가,Josa,업코리아,2
가,Josa,엘르,1
가,Josa,월간조선,1
가,Josa,위키트리,2
가,Josa,이데일리,1
가,Josa,일간리더스경제,1
가,Josa,일요시사,1
가,Josa,일요신문,1
가,Josa,제주교통복지신문,1
가,Josa,한겨례,1
가,Josa,허프포스트코리아,1
가,Verb,경향신문,1
가,Verb,굿모닝경제,1
가,Verb,뉴스웨이,1
가,Verb,뉴스컬처,1
가,Verb,스포츠경향,1
가,Verb,아시아뉴스통신,1
가,Verb,월간조선,1
가격,Noun,YTN,1
가까운,Adjective,남도일보,1
가까운,Adjective,인터뷰365,1
가능,Noun,조세일보,1
가능할까,Adjective,MBC,1
가사노동,Noun,뉴스인사이드,1
가이드,Noun,리서치페이퍼,1
가이드,Noun,한국경제,2
가이드라인,Noun,헤럴드경제,1
가입,Noun,일간리더스경제,1
가져가는,Verb,공감신문,1
가족,Noun,Queen,1
가족,Noun,SBS funE,1
가족,Noun,경기일보,1
가족,Noun,경인일보,1
가족,Noun,국제신문,1
가족,Noun,뉴스1,1
가족,Noun,뉴스웨이,1
가족,Noun,뉴스인사이드,2
가족,Noun,마이데일리,1
가족,Noun,매일경제,1
가족,Noun,머니투데이,1
가족,Noun,미디어펜,1
가족,Noun,서울경제,1
가족,Noun,스포츠경향,1
가족,Noun,스포츠서울,1
가족,Noun,스포츠한국,1
가족,Noun,아시아경제,1
가족,Noun,오가닉라이프신문,1
가족,Noun,위키트리,2
가족,Noun,인사이트,1
가족,Noun,조선일보,1
가족,Noun,중부일보,1
가족,Noun,한국경제,1
가족,Noun,한국금융신문,1
가족,Noun,허프포스트코리아,1
가지,Noun,EBN,1
각광,Noun,일간리더스경제,1
각양각색,Noun,한스경제,1
각종,Noun,일간리더스경제,1
간,Noun,업코리아,2
간과,Noun,제민일보,1
간다,Noun,뉴스인사이드,1
갈등,Noun,한국금융신문,1
감,Noun,국민일보,2
감,Noun,국제신문,1
감,Noun,뉴스토마토,1
감,Noun,마이데일리,1
감,Noun,매일경제,1
감,Noun,머니투데이,1
감,Noun,스포츠투데이,1
감,Noun,월간조선,1
감,Noun,위키트리,1
감,Noun,조선일보,1
감,Noun,중도일보,1
감,Noun,파이낸셜뉴스,1
감자,Noun,서울와이어,1
갑론,Noun,국제신문,1
갑론,Noun,뉴스인사이드,1
갑론,Noun,이데일리,1
갑부,Noun,조선일보,1
갑자기,Noun,더리더,1
갑작스런,Adjective,일간리더스경제,1
값,Noun,세계일보,1
값,Noun,아시아투데이,1
강남,Noun,KBS,1
강남,Noun,MK스포츠,1
강남,Noun,UPI뉴스,1
강남,Noun,국민일보,1
강남,Noun,글로벌이코노믹,1
강남,Noun,금강일보,2
강남,Noun,남도일보,1
강남,Noun,더셀럽,1
강남,Noun,동아일보,1
강남,Noun,마이데일리,3
강남,Noun,매일경제,2
강남,Noun,문화일보,1
강남,Noun,미디어스,1
강남,Noun,민중의소리,1
강남,Noun,부산일보,2
강남,Noun,브릿지경제,1
강남,Noun,서울경제,1
강남,Noun,세계일보,1
강남,Noun,스타뉴스,1
강남,Noun,스포츠서울,2
강남,Noun,스포츠투데이,1
강남,Noun,스포츠한국,1
강남,Noun,시선뉴스,1
강남,Noun,싱글리스트,2
강남,Noun,아시아뉴스통신,1
강남,Noun,업코리아,1
강남,Noun,여성조선,1
강남,Noun,오가닉라이프신문,1
강남,Noun,위키트리,1
강남,Noun,인사이트,2
강남,Noun,조선일보,1
강남,Noun,중부일보,1
강남,Noun,충청리뷰,1
강남,Noun,티브이데일리,1
강남,Noun,한스경제,1
강요,Noun,전기신문,1
강행,Noun,에너지경제,1
강화,Noun,일간투데이,1
갖고,Verb,울산종합일보,1
같다,Adjective,브릿지경제,1
같다,Adjective,위키트리,1
같은,Adjective,매일경제,1
같은,Adjective,인사이트코리아,1
개,Noun,뉴스타운,1
개,Noun,마이데일리,1
개,Noun,시민일보,1
개,Noun,일요시사,1
개선,Noun,스포츠투데이,1
갯수,Noun,국제신문,1
거대,Noun,티브이데일리,1
거위,Noun,포쓰저널,1
걱정,Noun,머니투데이,1
걱정,Noun,일요시사,1
걱정,Noun,한국금융신문,1
건물,Noun,MBN,1
건물,Noun,YTN,1
건물,Noun,경상일보,2
건물,Noun,경인일보,1
건물,Noun,광명지역신문,1
건물,Noun,글로벌에듀,1
건물,Noun,글로벌이코노믹,1
건물,Noun,금강일보,1
건물,Noun,뉴시스,1
건물,Noun,더리더,1
건물,Noun,더셀럽,1
건물,Noun,매경이코노미,1
건물,Noun,매일경제,1
건물,Noun,머니S,1
건물,Noun,미디어스,1
건물,Noun,부산일보,1
건물,Noun,스포츠Q,2
건물,Noun,시사매거진,1
건물,Noun,아주경제,1
건물,Noun,업코리아,1
건물,Noun,에너지경제,1
건물,Noun,여성조선,1
건물,Noun,연합뉴스,1
건물,Noun,영남일보,1
건물,Noun,이데일리,1
건물,Noun,이코노뉴스,1
건물,Noun,인사이트코리아,1
건물,Noun,한국경제,2
건물,Noun,한국일보,1
건전하고,Adjective,독서신문,1
걸까,Verb,경향신문,1
걸까,Verb,한겨례,1
검색어,Noun,마이데일리,1
것,Noun,경남매일신문,1
것,Noun,공감신문,1
것,Noun,부산일보,1
것,Noun,브릿지경제,1
것,Noun,비욘드포스트,1
것,Noun,위키트리,1
것,Noun,이투데이,2
것,Noun,파이낸셜 뉴스,1
게,Josa,스타트업투데이,1
게시,Noun,위키트리,1
겨,Noun,전기신문,1
겪은,Verb,녹색경제신문,1
결과,Noun,위키트리,1
경보,Noun,이투데이,2
경영,Noun,스타데일리뉴스,1
경위,Noun,아시아뉴스통신,1
경쟁,Noun,베타뉴스,1
경종,Noun,베타뉴스,1
계,Suffix,광명지역신문,1
계,Suffix,인사이트코리아,1
고,Josa,EBN,1
고,Josa,데일리한국,1
고발,Noun,경향신문,1
고발,Noun,글로벌이코노믹,1
고발,Noun,녹색경제신문,1
고발,Noun,뉴스인사이드,1
고발,Noun,뉴스컬처,1
고발,Noun,아시아경제,1
고발,Noun,아주경제,1
고발,Noun,영남일보,1
고발,Noun,이데일리,1
고발,Noun,톱스타뉴스,1
고발,Noun,환경미디어,1
고작,Noun,울산종합일보,1
고작,Noun,일간투데이,1
고정관념,Noun,골프타임즈,1
고정관념,Noun,제민일보,1
고정관념,Noun,한국금융신문,1
고착,Noun,뉴스인사이드,1
공간,Noun,인사이트,1
공개,Noun,경남매일신문,1
공개,Noun,데일리그리드,2
공개,Noun,데일리시큐,1
공개,Noun,문화뉴스,1
공개,Noun,아시아뉴스통신,1
공개,Noun,아시아투데이,1
공룡,Noun,시사저널,1
공부,Noun,조선에듀,1
공부,Noun,조선일보,1
공부,Noun,파이낸셜뉴스,1
공유,Noun,이투데이,2
과,Josa,경향신문,1
과,Josa,국제신문,1
과,Josa,비욘드포스트,1
과,Josa,월간조선,1
과,Josa,한국경제,1
과거,Noun,MBN,1
과거,Noun,YTN,1
과거,Noun,국제신문,1
과거,Noun,뉴스1,1
과거,Noun,뉴스인사이드,1
과거,Noun,뉴스컬처,1
과거,Noun,매일경제,1
과거,Noun,문화뉴스,1
과거,Noun,미디어스,1
과거,Noun,스포츠투데이,1
과거,Noun,아시아경제,1
과거,Noun,안전신문,1
과거,Noun,영남일보,1
과거,Noun,이데일리,1
과도,Noun,베타뉴스,1
과열,Noun,한국금융신문,1
과장,Noun,국제신문,1
과장,Noun,데일리한국,1
과장,Noun,부산일보,1
과장,Noun,중도일보,1
관련,Noun,위키트리,1
관리,Noun,경남데일리,1
관심,Noun,경기도민일보,1
관심,Noun,금강일보,1
관심,Noun,뉴스타운,1
관심,Noun,더셀럽,1
관심,Noun,마이데일리,1
관심,Noun,영남일보,1
광고,Noun,Queen,1
광고,Noun,SR타임스,1
광고,Noun,경향신문,1
광고,Noun,국제신문,2
광고,Noun,굿모닝경제,1
광고,Noun,금강일보,2
광고,Noun,뉴스1,1
광고,Noun,뉴스타운,1
광고,Noun,마이데일리,2
광고,Noun,매일경제,1
광고,Noun,머니투데이,1
광고,Noun,브릿지경제,1
광고,Noun,서울경제,1
광고,Noun,스포츠경향,1
광고,Noun,시선뉴스,1
광고,Noun,아시아경제,1
광고,Noun,월간조선,1
광고,Noun,이데일리,2
광고,Noun,이코노뉴스,1
광고,Noun,인사이트,1
광고,Noun,제민일보,1
광고,Noun,중도일보,1
광고,Noun,하비엔,1
광고,Noun,한강타임즈,1
광고,Noun,한스경제,1
괜찮은,Adjective,경향신문,1
괴물,Noun,경상매일신문,1
괴물,Noun,이투데이,2
괴물,Noun,티브이데일리,1
교육,Noun,국제신문,1
구,Modifier,AI타임스,1
구,Modifier,SR타임스,1
구,Modifier,강원일보,1
구,Modifier,경상매일신문,2
구,Modifier,금강일보,1
구,Modifier,녹색경제신문,1
구,Modifier,뉴스1,1
구,Modifier,뉴스렙,1
구,Modifier,뉴스인사이드,2
구,Modifier,뉴스컬처,1
구,Modifier,뉴스투데이,1
구,Modifier,더리더,1
구,Modifier,더셀럽,1
구,Modifier,문화뉴스,1
구,Modifier,법률방송뉴스,2
구,Modifier,시사매거진,1
구,Modifier,아시아타임즈,1
구,Modifier,아주경제,1
구,Modifier,업코리아,1
구,Modifier,이투데이,2
구,Modifier,한국경제,1
구,Modifier,한스경제,1
구,Modifier,환경미디어,1
구급차,Noun,문화일보,1
구급차,Noun,한국금융신문,1
구독,Noun,대구일보,1
구독,Noun,마이데일리,1
구독,Noun,민중의소리,1
구독,Noun,아시아투데이,1
구독,Noun,조선일보,1
구독,Noun,톱스타뉴스,1
구독,Noun,화이트페이퍼,1
구매,Noun,녹색경제신문,1
구십,Modifier,경상일보,2
구십,Modifier,광명지역신문,1
구십,Modifier,글로벌에듀,1
구입,Noun,환경미디어,1
구조,Noun,문화일보,1
구조,Noun,엑스포츠뉴스,1
구조,Noun,한국금융신문,1
구호단체,Noun,아주경제,1
국내,Noun,매일신문,1
국내,Noun,머니S,1
국내,Noun,브릿지경제,1
국내,Noun,아시아경제,1
국내,Noun,허프포스트코리아,1
국민,Noun,경남매일신문,1
국민,Noun,경상매일신문,1
국민,Noun,마이데일리,1
국민,Noun,베타뉴스,1
국민,Noun,아시아투데이,1
국민,Noun,이투데이,1
국민,Noun,톱스타뉴스,1
국민,Noun,한스경제,1
국제,Noun,아주경제,1
굶,Verb,전기신문,1
권,Suffix,마이데일리,1
규모,Noun,뉴스인사이드,1
규모,Noun,에너지경제,1
규정,Noun,국제신문,1
규제,Noun,울산종합일보,1
규제,Noun,일간투데이,1
규제,Noun,조선일보,1
그,Determiner,국민일보,1
그,Determiner,리서치페이퍼,1
그,Determiner,스포츠투데이,1
그,Determiner,위키트리,1
그,Noun,한라일보,1
그것,Noun,CNB저널,1
그것,Noun,데일리한국,1
그것,Noun,싱글리스트,1
그것,Noun,포쓰저널,1
그것,Noun,한국경제,2
그냥,Noun,부산일보,1
그러면,Adverb,일간리더스경제,1
그릇,Noun,녹색경제신문,1
그릇,Noun,뉴스렙,1
그리고,Conjunction,스포츠Q,1
그림자,Noun,일요신문,1
그만,Adverb,이데일리,1
그저,Adverb,문화뉴스,1
그저,Adverb,위키리스크한국,1
극,Suffix,국제신문,1
극,Suffix,중도일보,1
극,Suffix,티브이데일리,1
글,Noun,문화뉴스,1
글,Noun,아시아투데이,1
글,Noun,위키트리,1
글,Noun,조선일보,1
글,Noun,화이트페이퍼,1
금액,Noun,경상매일신문,1
금액,Noun,중도일보,1
금액,Noun,화이트페이퍼,1
금지,Noun,이데일리,1
급,Suffix,국제뉴스,1
급,Suffix,뉴스타운,1
급,Suffix,데일리그리드,1
급,Suffix,스타트업투데이,1
급부,Noun,경기도민일보,1
급부,Noun,내외뉴스통신,1
급부,Noun,충청매일,1
급증,Noun,금강일보,1
기다리는,Verb,한국경제,1
기다림,Noun,한국경제,1
기록,Noun,일간리더스경제,1
기부,Noun,국제신문,1
기승,Noun,조선일보,1
기업,Noun,한국금융신문,1
기적,Noun,일요신문,1
기준,Noun,데일리한국,1
기획,Noun,글로벌에듀,1
기획,Noun,뉴스브라이트,1
기획,Noun,블록체인밸리,2
길,Noun,AI타임스,1
길,Noun,경인일보,1
길,Noun,국제신문,1
길,Noun,메트로신문,1
길,Noun,미디어펜,1
길,Noun,서울신문,1
길,Noun,이뉴스투데이,1
길,Noun,이투데이,2
길,Noun,톱스타뉴스,1
길,Noun,한국경제,1
길,Noun,한스경제,1
김성은,Noun,YTN,1
까지,Josa,MBC,1
까지,Josa,경상매일신문,1
까지,Josa,국민일보,1
까지,Josa,국제뉴스,1
까지,Josa,내외경제tv,1
까지,Josa,뉴스렙,1
까지,Josa,더셀럽,1
까지,Josa,문화뉴스,1
까지,Josa,아이뉴스,1
까지,Josa,아주경제,1
까지,Josa,이데일리,1
까지,Josa,한국경제,1
깜짝,Noun,스포츠한국,1
깜찍,Noun,천지일보,1
꼬마,Noun,YTN,1
꼬마,Noun,국제신문,1
꼬마,Noun,데일리한국,1
꼬마,Noun,울산종합일보,1
꼬마,Noun,일간투데이,1
꼬마,Noun,한국경제,1
꼭,Noun,아주경제,1
꿈,Noun,경향신문,1
꿈,Noun,세계일보,1
끝,Noun,녹색경제신문,1
끝,Noun,환경미디어,1
나,Josa,이데일리,1
나,Josa,조선일보,1
나,Noun,SBS funE,1
나,Noun,뉴스렙,1
나,Noun,이뉴스투데이,1
나,Noun,티브이데일리,1
나,Noun,하비엔,1
나가는,Verb,이데일리,1
나도,Verb,조선일보,1
나무,Noun,문화뉴스,1
나무,Noun,톱스타뉴스,1
나무,Noun,화이트페이퍼,1
나온,Verb,위키트리,1
낙점,Noun,기호일보,1
낙점,Noun,당진신문,1
난리,Noun,경상일보,1
난리,Noun,글로벌에듀,1
난리,Noun,위키트리,1
날,Noun,위키트리,1
날로,Noun,파이낸셜 뉴스,1
남긴다,Verb,녹색경제신문,1
남짓,Noun,울산종합일보,1
남짓,Noun,일간투데이,1
납부,Noun,천지일보,1
났네,Verb,경상일보,1
낮았으나,Adjective,스포츠투데이,1
내,Determiner,인사이트,1
내년,Noun,법률방송뉴스,1
내용,Noun,sbn뉴스,1
내용,Noun,광명지역신문,1
내용,Noun,글로벌에듀,1
내용,Noun,시사매거진,2
내용,Noun,아주경제,2
내용,Noun,업코리아,1
낸,Verb,인사이트코리아,1
낸다,Verb,인사이트,1
냉혹,Noun,일요신문,1
너,Modifier,CIVIC뉴스,1
너,Modifier,세계일보,1
너무,Adverb,위키트리,1
너비,Noun,기호일보,1
너비,Noun,당진신문,1
너비,Noun,충청리뷰,1
너비,Noun,충청매일,1
넘는,Verb,시사매거진,1
넘는,Verb,아이뉴스,1
넘는,Verb,업코리아,1
넘어간,Verb,글로벌에듀,1
넘었다,Verb,아주경제,1
넘은,Verb,국제뉴스,1
넘은,Verb,매일경제,1
넘자,Verb,sbn뉴스,1
네티즌,Noun,경상일보,1
네티즌,Noun,교통신문,1
네티즌,Noun,뉴스웨이,1
네티즌,Noun,뉴스인사이드,1
네티즌,Noun,한스경제,1
노,Noun,EBN,1
노,Noun,부산일보,1
노동법,Noun,BBC News 코리아,1
논란,Noun,AI타임스,1
논란,Noun,CIVIC뉴스,1
논란,Noun,CNB저널,1
논란,Noun,UPI뉴스,1
논란,Noun,YTN,2
논란,Noun,국제뉴스,1
논란,Noun,국제신문,1
논란,Noun,뉴스1,1
논란,Noun,뉴스웨이,1
논란,Noun,뉴스인사이드,3
논란,Noun,대구일보,1
논란,Noun,리서치페이퍼,1
논란,Noun,매일경제,1
논란,Noun,머니S,2
논란,Noun,머니투데이,1
논란,Noun,문화뉴스,1
논란,Noun,미디어스,1
논란,Noun,부산일보,2
논란,Noun,서울경제,1
논란,Noun,서울신문,2
논란,Noun,스포츠경향,1
논란,Noun,스포츠투데이,1
논란,Noun,시선뉴스,1
논란,Noun,아이뉴스,1
논란,Noun,업코리아,1
논란,Noun,에너지경제,1
논란,Noun,전기신문,1
논란,Noun,충청리뷰,1
논란,Noun,티브이데일리,2
논란,Noun,한국경제,2
논란,Noun,한국금융신문,1
논란,Noun,한국정경신문,1
논란,Noun,한스경제,1
논란,Noun,환경미디어,1
놀라,Verb,로이슈,1
놀라,Verb,웹데일리,1
놀러,Verb,업코리아,2
놀이,Noun,sbn뉴스,1
놀이,Noun,뉴스1,1
놀이,Noun,뉴스인사이드,1
놀이,Noun,축산신문,1
높다,Adjective,뉴스웍스,1
높아지는,Verb,일간투데이,1
높은,Adjective,아주경제,1
누가,Noun,노컷뉴스,1
누구,Noun,뉴스컬처,1
누구,Noun,더셀럽,1
누구,Noun,데일리안,1
누구,Noun,마이데일리,1
누구,Noun,머니S,1
누구,Noun,스타뉴스,1
누구,Noun,아시아투데이,1
누구,Noun,울산종합일보,1
누구,Noun,조선일보,1
누구,Noun,한국일보,1
누군가,Noun,월간조선,1
누리꾼,Noun,브릿지경제,1
누리꾼,Noun,아시아투데이,3
누리꾼,Noun,위키리스크한국,1
누리꾼,Noun,이데일리,1
누리꾼,Noun,중도일보,2
누리꾼,Noun,화이트페이퍼,2
누적,Noun,한국일보,1
눈,Noun,문화일보,1
눈,Noun,시사매거진,1
눈길,Noun,금강일보,1
눈길,Noun,당진신문,1
눈길,Noun,에너지경제,1
눈길,Noun,전기신문,1
눈길,Noun,천지일보,1
눈길,Noun,하비엔,1
뉴미디어,Noun,매일경제,1
느껴,Verb,조선일보,1
느껴진다,Verb,아주경제,1
느끼는,Verb,매일경제,1
느낀다,Verb,위키트리,1
느낀다,Verb,중도일보,1
는,Josa,BBC News 코리아,1
는,Josa,EBN,1
는,Josa,SBS funE,1
는,Josa,UPI뉴스,1
는,Josa,경남데일리,1
는,Josa,공감신문,1
는,Josa,광명지역신문,1
는,Josa,국제뉴스,2
는,Josa,글로벌에듀,1
는,Josa,기호일보,1
는,Josa,노컷뉴스,1
는,Josa,뉴스렙,1
는,Josa,뉴스브라이트,1
는,Josa,데일리안,1
는,Josa,마이데일리,1
는,Josa,매일경제,1
는,Josa,매일신문,2
는,Josa,미주한국일보,1
는,Josa,법률방송뉴스,1
는,Josa,부산일보,1
는,Josa,브릿지경제,1
는,Josa,비욘드포스트,1
는,Josa,서울와이어,1
는,Josa,스포츠서울,1
는,Josa,시사매거진,3
는,Josa,여성조선,1
는,Josa,위키리스크한국,1
는,Josa,이뉴스투데이,1
는,Josa,이데일리,1
는,Josa,인사이트,2
는,Josa,인사이트코리아,1
는,Josa,일요시사,1
는,Josa,전기신문,1
는,Josa,조선일보,1
는,Josa,중도일보,1
는,Josa,티브이데일리,1
는,Josa,하비엔,1
는,Josa,한국금융신문,1
는,Josa,한국일보,1
는,Josa,한라일보,1
는,Josa,화이트페이퍼,1
는,Verb,일요신문,1
는,Verb,한국일보,1
능가,Noun,비욘드포스트,1
능가,Noun,제주교통복지신문,1
능력,Noun,MBN,1
능력,Noun,비욘드포스트,1
능력,Noun,스타트업투데이,1
능력,Noun,제주교통복지신문,1
니,Josa,뉴스인사이드,1
다는,Verb,월간조선,1
다달이,Noun,경상일보,1
다달이,Noun,광명지역신문,1
다달이,Noun,글로벌에듀,1
다른,Noun,광명지역신문,1
다리,Noun,국제뉴스,1
다리,Noun,대구일보,1
다리,Noun,에너지경제,1
다리,Noun,전기신문,1
단,Modifier,환경미디어,1
단골,Noun,경상매일신문,1
단독,Noun,한강타임즈,1
단독주택,Noun,아주경제,1
단순,Noun,녹색경제신문,1
단순,Noun,업코리아,1
달,Noun,MBC,1
달,Noun,경인일보,1
달,Noun,국민일보,1
달,Noun,뉴스1,1
달,Noun,뉴스브라이트,1
달,Noun,뉴스웍스,1
달,Noun,뉴스인사이드,1
달,Noun,데일리한국,1
달,Noun,문화뉴스,1
달,Noun,조선일보,1
달,Noun,천지일보,1
달,Noun,티브이데일리,1
달,Noun,한강타임즈,1
달라,Noun,조선일보,1
달렸다,Verb,한국일보,1
달치,Noun,국제뉴스,1
달치,Noun,뉴스타운,1
달치,Noun,일요시사,1
담는,Verb,울산종합일보,1
담는,Verb,일간투데이,1
당,Suffix,뉴스컬처,1
당,Suffix,아주경제,1
당국,Noun,글로벌이코노믹,1
당하기도,Adjective,경향신문,1
당하기도,Adjective,녹색경제신문,1
당하기도,Adjective,영남일보,1
당하기도,Adjective,환경미디어,1
당해,Adjective,뉴스인사이드,1
당해,Adjective,아시아경제,1
당해,Adjective,이데일리,1
당했던,Adjective,톱스타뉴스,1
대,Foreign,경기일보,1
대,Foreign,뉴스웨이,1
대,Foreign,문화일보,1
대,Foreign,부산일보,1
대,Foreign,세계일보,1
대,Foreign,싱글리스트,1
대,Foreign,이데일리,1
대,Modifier,조선일보,1
대,Modifier,톱스타뉴스,1
대,Suffix,파이낸셜뉴스,1
대,Verb,YTN,1
대,Verb,스포츠서울,1
대,Verb,시선뉴스,1
대,Verb,한국금융신문,1
대기,Noun,국제신문,1
대기업,Noun,국제뉴스,1
대기업,Noun,뉴스타운,1
대기업,Noun,일요시사,1
대단해,Adjective,시사매거진,1
대박,Noun,매경이코노미,1
대박,Noun,문화일보,2
대박,Noun,서울경제,1
대박,Noun,세계일보,1
대박,Noun,아주경제,1
대박,Noun,위키트리,1
대애,Noun,뉴스브라이트,1
대왕,Noun,서울경제,1
대중,Noun,뉴스렙,1
대체,Noun,경상일보,1
대체,Noun,광명지역신문,1
대체,Noun,국제신문,2
대체,Noun,글로벌에듀,1
대출,Noun,부산일보,1
대표,Noun,시빅뉴스,1
대표,Noun,한국경제,2
대한민국,Noun,국민일보,1
댓글,Noun,녹색경제신문,1
댓글,Noun,뉴스렙,1
댓글,Noun,환경미디어,1
더,Noun,아주경제,1
도,Foreign,일간리더스경제,1
도,Josa,CIVIC뉴스,1
도,Josa,EBN,1
도,Josa,YTN,1
도,Josa,국제신문,1
도,Josa,뉴스1,1
도,Josa,뉴스인사이드,1
도,Josa,비욘드포스트,1
도,Josa,서울신문,1
도,Josa,세계일보,1
도,Josa,스타트업투데이,1
도,Josa,아주경제,1
도,Josa,일간투데이,1
도,Josa,제민일보,1
도,Josa,제주교통복지신문,1
도,Josa,한국경제,1
도,Josa,한국금융신문,1
도,Noun,국제뉴스,1
도,Noun,국제신문,1
도,Noun,뉴스1,1
도,Noun,동아일보,1
도,Noun,매일경제,1
도,Noun,아이뉴스,1
도나,Noun,CIVIC뉴스,1
도나,Noun,세계일보,1
도대체,Noun,이뉴스투데이,1
도둑,Noun,티브이데일리,1
도둑질,Noun,내외경제tv,1
도마,Noun,이투데이,2
독성,Noun,경상매일신문,1
독성,Noun,이투데이,2
독자,Noun,AI타임스,1
독자,Noun,SR타임스,1
독자,Noun,강원일보,1
독자,Noun,경상매일신문,2
독자,Noun,금강일보,1
독자,Noun,녹색경제신문,1
독자,Noun,뉴스1,1
독자,Noun,뉴스렙,1
독자,Noun,뉴스인사이드,2
독자,Noun,뉴스컬처,1
독자,Noun,뉴스투데이,1
독자,Noun,더리더,1
독자,Noun,더셀럽,1
독자,Noun,문화뉴스,1
독자,Noun,법률방송뉴스,2
독자,Noun,시사매거진,1
독자,Noun,아시아타임즈,1
독자,Noun,아주경제,1
독자,Noun,업코리아,1
독자,Noun,이투데이,2
독자,Noun,한국경제,1
독자,Noun,한스경제,1
독자,Noun,환경미디어,1
돈,Noun,AI타임스,1
돈,Noun,KBS,1
돈,Noun,YTN,1
돈,Noun,교통신문,2
돈,Noun,뉴스컬처,1
돈,Noun,머니투데이,1
돈,Noun,브릿지경제,1
돈,Noun,서울신문,1
돈,Noun,서울와이어,2
돈,Noun,울산종합일보,1
돈,Noun,일간투데이,1
돈,Noun,조선일보,1
돈,Noun,한국경제,1
돈벌이,Noun,아시아경제,1
돈벌이,Noun,위키리스크한국,1
돈벌이,Noun,티브이데일리,1
돋보이는,Verb,업코리아,1
돌린,Verb,경상매일신문,1
돌린,Verb,이투데이,1
돌봐주셔,Verb,뉴스브라이트,1
돌파,Noun,법률방송뉴스,1
돌파,Noun,한국금융신문,1
동영상,Noun,CIVIC뉴스,1
동영상,Noun,국제뉴스,1
동영상,Noun,뉴스타운,1
동영상,Noun,일요시사,1
동원,Noun,문화뉴스,1
동해,Noun,톱스타뉴스,1
돼,Verb,국제신문,1
돼,Verb,시민일보,1
돼,Verb,일간리더스경제,1
돼,Verb,조선일보,1
돼,Verb,파이낸셜 뉴스,1
됐다,Verb,경상매일신문,1
됐다,Verb,경상일보,1
됐다,Verb,광명지역신문,1
됐다,Verb,데일리한국,1
됐다,Verb,위키트리,1
됐다,Verb,중도일보,1
되고,Verb,경남데일리,1
되길래,Verb,KBS,1
되나,Verb,뉴스웍스,1
되나,Verb,한스경제,1
되는,Verb,허프포스트코리아,1
되려,Verb,글로벌이코노믹,1
된,Verb,글로벌에듀,1
된,Verb,뉴스렙,2
된,Verb,매일경제,1
된,Verb,부산일보,1
된,Verb,스포츠Q,1
된,Verb,일간투데이,1
된다,Verb,머니투데이,1
된다,Verb,일요시사,1
된다,Verb,한국금융신문,1
될까,Verb,아시아타임즈,1
두고,Verb,뉴스렙,1
두고,Verb,이데일리,1
두자,Verb,아주경제,1
둔,Verb,연합뉴스,1
뒤,Foreign,글로벌이코노믹,1
뒤,Noun,데일리그리드,1
뒤,Noun,데일리시큐,1
뒤,Noun,스포츠Q,1
뒤,Noun,울산종합일보,1
뒤,Noun,일간투데이,1
드러났다,Verb,위키트리,1
든다,Verb,마이데일리,1
들,Suffix,AI타임스,1
들,Suffix,sbn뉴스,1
들,Suffix,경상매일신문,1
들,Suffix,경상일보,1
들,Suffix,경향신문,1
들,Suffix,국민일보,1
들,Suffix,글로벌이코노믹,1
들,Suffix,뉴스웨이,1
들,Suffix,뉴스인사이드,3
들,Suffix,매일경제,1
들,Suffix,매일신문,1
들,Suffix,브릿지경제,1
들,Suffix,위키리스크한국,1
들,Suffix,이데일리,1
들,Suffix,조선에듀,1
들,Suffix,중도일보,2
들,Suffix,충청리뷰,1
들,Suffix,한국정경신문,1
들,Suffix,화이트페이퍼,2
들어,Verb,국제신문,1
들어,Verb,아주경제,1
들었,Verb,시민일보,1
들여다보니,Verb,시민일보,1
들이,Verb,인천일보,1
들이기에,Verb,경상일보,1
들이기에,Verb,광명지역신문,1
들이기에,Verb,글로벌에듀,1
들인,Verb,한국경제,1
등,Noun,경상매일신문,2
등,Noun,국제신문,1
등,Noun,글로벌이코노믹,1
등,Noun,이투데이,1
등,Noun,인천일보,1
등,Noun,일간리더스경제,1
등,Noun,중도일보,1
등장,Noun,국민일보,1
등장,Noun,마이데일리,1
등장,Noun,머니투데이,1
등장,Noun,아시아투데이,1
등장,Noun,위키트리,1
등장,Noun,일간리더스경제,1
등장,Noun,한스경제,1
따르면,Verb,광명지역신문,1
따르면,Verb,인사이트코리아,1
따른,Verb,매일경제,1
딸,Noun,부산일보,1
딸,Noun,이데일리,1
딸,Noun,전기신문,1
때리는,Verb,국제뉴스,1
때리는,Verb,에너지경제,1
때리는,Verb,전기신문,1
때문,Noun,독서신문,1
때문,Noun,아주경제,1
또,Noun,데일리한국,1
또,Noun,울산종합일보,1
뜨거운,Adjective,서울와이어,1
뜬,Verb,더리더,1
띄네,Verb,시사매거진,1
라는,Josa,위키트리,1
라면,Noun,골프타임즈,1
라면,Noun,녹색경제신문,1
라면,Noun,뉴스렙,1
라면,Noun,제민일보,1
라면,Noun,한국금융신문,1
라면,Noun,환경미디어,1
라임,Noun,티브이데일리,1
래,Josa,AI타임스,1
래,Josa,경인일보,1
래,Josa,경향신문,1
래,Josa,국제신문,1
래,Josa,굿모닝경제,1
래,Josa,뉴스인사이드,1
래,Josa,매일경제,1
래,Josa,머니투데이,1
래,Josa,메트로신문,1
래,Josa,문화뉴스,1
래,Josa,미디어펜,1
래,Josa,서울신문,1
래,Josa,스포츠경향,1
래,Josa,이뉴스투데이,1
래,Josa,이투데이,2
래,Josa,톱스타뉴스,1
래,Josa,한국경제,1
래,Josa,한스경제,1
력,Suffix,sbn뉴스,1
로,Josa,AI타임스,1
로,Josa,경향신문,1
로,Josa,국제신문,3
로,Josa,뉴스인사이드,2
로,Josa,뉴스컬처,1
로,Josa,당진신문,1
로,Josa,더리더,1
로,Josa,매일경제,1
로,Josa,비욘드포스트,1
로,Josa,아시아경제,1
로,Josa,영남일보,1
로,Josa,이투데이,2
로,Josa,인사이트코리아,1
로,Josa,인터뷰365,1
로,Josa,충청매일,1
로,Josa,톱스타뉴스,1
로,Noun,뉴스웨이,1
로그,Noun,광명지역신문,1
로그,Noun,제주교통복지신문,1
로만,Noun,제민일보,1
루지,Noun,글로벌이코노믹,1
를,Josa,BBC News 코리아,1
를,Josa,아주경제,1
를,Josa,한국일보,1
리뷰,Noun,이투데이,2
리뷰,Noun,제주교통복지신문,1
마기,Noun,금강일보,1
마스,Noun,아주경제,1
막강,Noun,뉴스토마토,1
막대,Noun,뉴스타운,1
막대,Noun,제민일보,1
막으려면,Verb,헤럴드경제,1
만,Josa,국제신문,2
만,Josa,굿모닝경제,1
만,Josa,뉴스인사이드,1
만,Josa,뉴스타운,2
만,Josa,대구일보,1
만,Josa,로이슈,1
만,Josa,문화뉴스,1
만,Josa,엑스포츠뉴스,1
만,Josa,일요시사,1
만,Josa,제민일보,1
만,Josa,한강타임즈,1
만,Josa,한국경제,1
만,Noun,골프타임즈,1
만들긴,Verb,아시아투데이,1
만들려,Verb,조선에듀,1
만들어야,Verb,헤럴드경제,1
많은,Adjective,환경미디어,1
말,Noun,데일리그리드,1
말,Noun,데일리시큐,1
말,Noun,아시아투데이,1
말,Noun,일요신문,1
말고,Josa,데일리한국,1
말고,Josa,울산종합일보,1
맞먹는다,Verb,시사저널,1
맞먹는다,Verb,월간조선,1
맞벌이,Noun,뉴스브라이트,1
매달,Noun,교통신문,1
매달,Noun,문화뉴스,1
매달,Noun,미주한국일보,1
매달,Noun,스포츠동아,1
매달,Noun,위키리스크한국,1
매달,Noun,이코노뉴스,1
매월,Noun,마이데일리,1
매월,Noun,시민일보,2
매입,Noun,EBN,1
매입,Noun,MBN,1
매입,Noun,MK스포츠,1
매입,Noun,SBS funE,1
매입,Noun,STN 스포츠,1
매입,Noun,UPI뉴스,1
매입,Noun,YTN,3
매입,Noun,경기일보,1
매입,Noun,경인일보,2
매입,Noun,경향신문,1
매입,Noun,교통신문,1
매입,Noun,국제신문,2
매입,Noun,글로벌이코노믹,3
매입,Noun,금강일보,3
매입,Noun,남도일보,1
매입,Noun,뉴스웨이,1
매입,Noun,뉴스인사이드,1
매입,Noun,뉴스컬처,1
매입,Noun,뉴시스,2
매입,Noun,더셀럽,1
매입,Noun,데일리안,1
매입,Noun,마이데일리,5
매입,Noun,매경이코노미,1
매입,Noun,매일경제,4
매입,Noun,머니S,1
매입,Noun,메트로신문,1
매입,Noun,문화뉴스,2
매입,Noun,문화일보,1
매입,Noun,미디어스,1
매입,Noun,미디어오늘,1
매입,Noun,미디어펜,1
매입,Noun,민중의소리,1
매입,Noun,부산일보,1
매입,Noun,브릿지경제,1
매입,Noun,서울신문,1
매입,Noun,서울와이어,1
매입,Noun,세계일보,2
매입,Noun,스타뉴스,2
매입,Noun,스타데일리뉴스,2
매입,Noun,스포츠Q,1
매입,Noun,스포츠경향,1
매입,Noun,스포츠동아,1
매입,Noun,스포츠서울,2
매입,Noun,스포츠투데이,1
매입,Noun,스포츠한국,1
매입,Noun,시민일보,1
매입,Noun,시사매거진,1
매입,Noun,시선뉴스,2
매입,Noun,싱글리스트,2
매입,Noun,아시아경제,1
매입,Noun,아시아뉴스통신,1
매입,Noun,아시아투데이,2
매입,Noun,아주경제,1
매입,Noun,업코리아,1
매입,Noun,에너지경제,1
매입,Noun,연합뉴스,1
매입,Noun,영남일보,1
매입,Noun,오가닉라이프신문,1
매입,Noun,위키트리,2
매입,Noun,이데일리,1
매입,Noun,이코노뉴스,1
매입,Noun,인터뷰365,1
매입,Noun,조선일보,1
매입,Noun,조세일보,1
매입,Noun,중부일보,1
매입,Noun,쿠키뉴스,1
매입,Noun,톱스타뉴스,2
매입,Noun,티브이데일리,2
매입,Noun,한국경제,1
매입,Noun,한국금융신문,1
매입,Noun,한국일보,1
매입,Noun,한스경제,2
매입,Noun,허프포스트코리아,1
매입,Noun,헤럴드경제,1
매출,Noun,국민일보,1
매출,Noun,금강일보,1
매출,Noun,데일리한국,1
매출,Noun,머니S,1
매출,Noun,문화뉴스,1
매출,Noun,부산일보,1
매출,Noun,세계일보,1
매출,Noun,스포츠동아,1
매출,Noun,싱글리스트,1
매출,Noun,월간조선,1
매출,Noun,천지일보,1
매출,Noun,한국경제,2
매출,Noun,헤럴드경제,1
먹고,Verb,국민일보,1
먹고,Verb,한국일보,1
먹방,Noun,골프타임즈,1
먹방,Noun,서울경제,1
먹방,Noun,한국금융신문,1
먹어도,Verb,엑스포츠뉴스,1
먹어도,Verb,제민일보,1
먹으면,Verb,아시아투데이,1
먹은,Verb,파이낸셜 뉴스,1
먼,Adjective,문화일보,1
며,Josa,조선일보,1
면,Josa,금강일보,1
면,Josa,뉴스브라이트,1
면,Josa,아주경제,1
면알,Noun,로이슈,1
면알,Noun,웹데일리,1
명,Foreign,SR타임스,1
명,Foreign,뉴스1,1
명,Foreign,뉴스인사이드,1
명,Foreign,민중의소리,1
명,Foreign,법률방송뉴스,1
명,Foreign,한국경제,1
명,Noun,금강일보,1
명,Noun,녹색경제신문,1
명,Noun,뉴스투데이,1
명,Noun,대구일보,1
명,Suffix,시사매거진,1
명,Suffix,업코리아,1
명↑,Foreign,마이데일리,1
명과,Noun,더리더,1
명문,Noun,조선일보,1
명문,Noun,파이낸셜뉴스,1
명백하게,Adjective,부산일보,1
명백한,Adjective,데일리한국,1
명암,Noun,한국경제,1
명예훼손,Noun,이투데이,2
몇십,Modifier,문화뉴스,1
모두,Noun,글로벌이코노믹,1
모두,Noun,뉴스브라이트,1
모두,Noun,데일리한국,1
모방,Noun,전기신문,1
모습,Noun,뉴스브라이트,1
목소리,Noun,울산종합일보,1
목소리,Noun,일간투데이,1
목적,Noun,녹색경제신문,1
목적,Noun,스타데일리뉴스,1
목적,Noun,업코리아,1
못,Noun,녹색경제신문,1
못,Noun,뉴스렙,1
못,Noun,데일리그리드,1
못,Noun,데일리시큐,1
못,Noun,환경미디어,1
못,VerbPrefix,국제뉴스,1
못,VerbPrefix,문화뉴스,1
못,VerbPrefix,서울경제,1
못,VerbPrefix,에너지경제,1
못,VerbPrefix,전기신문,1
무려,Noun,중부일보,1
무려,Noun,화이트페이퍼,1
무릅쓴,Noun,경남매일신문,1
무리한,Adjective,울산종합일보,1
무슨,Noun,sbn뉴스,1
무슨,Noun,광명지역신문,1
무슨,Noun,글로벌에듀,1
무슨,Noun,시사매거진,2
무슨,Noun,아주경제,2
무슨,Noun,업코리아,1
무슨,Noun,이투데이,1
무슨,Noun,천지일보,1
무조건,Noun,더리더,1
문,Noun,국제신문,1
문어,Noun,서울경제,1
문어,Noun,한국일보,1
문제,Noun,부산일보,1
문제,Noun,시사매거진,1
물질,Noun,경상매일신문,1
물질,Noun,이투데이,2
뭐기,Noun,월간조선,1
뭐길,Noun,경향신문,1
뭐길,Noun,굿모닝경제,1
뭐길,Noun,뉴스인사이드,1
뭐길,Noun,매일경제,1
뭐길,Noun,머니투데이,1
뭐길,Noun,문화뉴스,1
뭐길,Noun,스포츠경향,1
뭘,Noun,금강일보,1
미국,Noun,시사매거진,1
미국,Noun,인천일보,1
미끼,Noun,뉴스1,1
미달,Noun,YTN,1
미래,Noun,한국경제,1
미성년,Noun,인천일보,1
미스월드,Noun,시빅뉴스,1
미시간,Noun,시빅뉴스,1
미취,Noun,비욘드포스트,1
미취,Noun,스타트업투데이,1
미취,Noun,제주교통복지신문,1
미치지,Adjective,문화뉴스,1
민낯,Noun,울산종합일보,1
민낯,Noun,일간투데이,1
및,Noun,경남데일리,1
밑,Noun,전기신문,1
바꿔,Verb,인사이트,1
바닷가,Noun,업코리아,2
바디,Noun,경남데일리,1
바악,Noun,뉴스브라이트,1
박,Noun,국제신문,1
박,Noun,뉴스인사이드,1
박,Noun,이데일리,1
박탈,Noun,국민일보,1
박탈,Noun,마이데일리,1
박탈,Noun,머니투데이,1
박탈,Noun,스포츠투데이,1
박탈,Noun,월간조선,1
박탈,Noun,위키트리,1
박탈,Noun,중도일보,1
밖에도,Josa,sbn뉴스,1
밖에도,Josa,축산신문,1
반,Modifier,뉴스인사이드,1
반박,Noun,스포츠투데이,1
반박,Noun,싱글리스트,1
반박,Noun,한국경제,2
반응,Noun,경상일보,1
반응,Noun,국민일보,1
반응,Noun,뉴스렙,1
반응,Noun,뉴스웨이,1
반응,Noun,한스경제,1
반토막,Noun,인사이트,1
받아,Verb,국제신문,1
받아,Verb,파이낸셜뉴스,1
받아,Verb,환경미디어,1
받은,Verb,안전신문,1
받은,Verb,위키리스크한국,1
받을,Verb,BBC News 코리아,1
발암,Noun,경상매일신문,1
발암,Noun,이투데이,2
발표,Noun,위키트리,2
밝힌,Verb,국민일보,1
방석,Noun,KBS,1
방송,Noun,금강일보,1
방송,Noun,비욘드포스트,1
방송사,Noun,매일경제,1
배,Noun,국민일보,1
배,Noun,뉴스1,1
배,Noun,법률방송뉴스,1
배,Noun,울산종합일보,1
배경,Noun,대구일보,1
배분,Noun,경상매일신문,1
배분,Noun,공감신문,1
배분,Noun,한국금융신문,1
배아,Noun,아시아투데이,1
버,Noun,경향신문,1
버,Noun,공감신문,2
버,Noun,노컷뉴스,1
버,Noun,매일경제,1
버,Noun,미주한국일보,1
버,Noun,브릿지경제,1
버,Noun,시사매거진,1
버,Noun,인사이트,1
버,Noun,일요시사,1
버들,Noun,국제신문,1
버들,Noun,노컷뉴스,1
버들,Noun,뉴스1,1
버들,Noun,문화일보,1
버들,Noun,아주경제,1
버들,Noun,일간투데이,1
번,Noun,YTN,1
번,Noun,교통신문,2
번,Noun,머니투데이,1
번,Noun,서울와이어,1
번,Noun,아시아투데이,1
번,Noun,월간조선,1
벌,Noun,조선일보,1
벌금,Noun,톱데일리,1
벌금,Noun,환경미디어,1
벌금형,Noun,녹색경제신문,1
벌길래,Verb,국민일보,1
벌길래,Verb,머니투데이,1
벌던,Verb,머니투데이,1
벌어,Verb,경상일보,1
벌어,Verb,광명지역신문,1
벌어,Verb,글로벌에듀,1
벌어,Verb,뉴스렙,1
벌어,Verb,한국경제,1
벌었나,Verb,위키트리,1
벌었다,Verb,한국경제,1
법,Noun,녹색경제신문,1
법,Noun,한국경제,1
법,Noun,환경미디어,1
법무,Noun,국제신문,1
법원,Noun,뉴스인사이드,1
법인,Noun,국제신문,1
베이비,Noun,당진신문,1
변호사,Noun,문화뉴스,1
변호사,Noun,톱스타뉴스,1
변호사,Noun,화이트페이퍼,1
변화,Noun,국제신문,1
별개,Noun,비욘드포스트,1
보나,Verb,서울경제,1
보니,Verb,YTN,1
보니,Verb,머니S,2
보니,Verb,아주경제,1
보니,Verb,엑스포츠뉴스,1
보니,Verb,한국경제,1
보다,Josa,아주경제,1
보다,Verb,녹색경제신문,1
보다,Verb,뉴스렙,1
보다,Verb,뉴스웍스,1
보다,Verb,미디어오늘,1
보다,Verb,환경미디어,1
보람,Noun,AI타임스,2
보람,Noun,BBC News 코리아,1
보람,Noun,CIVIC뉴스,1
보람,Noun,CNB저널,2
보람,Noun,EBN,1
보람,Noun,KBS,2
보람,Noun,MBN,2
보람,Noun,MK스포츠,1
보람,Noun,SBS funE,1
보람,Noun,SR타임스,1
보람,Noun,STN 스포츠,2
보람,Noun,UPI뉴스,2
보람,Noun,YTN,4
보람,Noun,sbn뉴스,2
보람,Noun,강원일보,1
보람,Noun,경기도민일보,1
보람,Noun,경기일보,1
보람,Noun,경남데일리,1
보람,Noun,경남매일신문,2
보람,Noun,경상매일신문,5
보람,Noun,경상일보,2
보람,Noun,경인일보,3
보람,Noun,경향신문,1
보람,Noun,골프타임즈,1
보람,Noun,공감신문,1
보람,Noun,광명지역신문,4
보람,Noun,교통신문,2
보람,Noun,국민일보,4
보람,Noun,국제뉴스,3
보람,Noun,국제신문,10
보람,Noun,굿모닝경제,1
보람,Noun,글로벌에듀,4
보람,Noun,글로벌이코노믹,4
보람,Noun,금강일보,5
보람,Noun,기호일보,1
보람,Noun,남도일보,1
보람,Noun,내외경제tv,2
보람,Noun,내외뉴스통신,1
보람,Noun,녹색경제신문,4
보람,Noun,뉴스1,5
보람,Noun,뉴스렙,3
보람,Noun,뉴스브라이트,3
보람,Noun,뉴스웍스,1
보람,Noun,뉴스웨이,2
보람,Noun,뉴스인사이드,7
보람,Noun,뉴스컬처,3
보람,Noun,뉴스타운,2
보람,Noun,뉴스토마토,1
보람,Noun,뉴스투데이,1
보람,Noun,뉴시스,2
보람,Noun,당진신문,1
보람,Noun,대구일보,3
보람,Noun,더드라이브,1
보람,Noun,더리더,2
보람,Noun,더셀럽,2
보람,Noun,데일리그리드,2
보람,Noun,데일리시큐,1
보람,Noun,데일리안,2
보람,Noun,데일리한국,4
보람,Noun,독서신문,1
보람,Noun,동아일보,2
보람,Noun,로이슈,1
보람,Noun,리서치페이퍼,1
보람,Noun,마이데일리,6
보람,Noun,매경이코노미,1
보람,Noun,매일경제,6
보람,Noun,매일신문,2
보람,Noun,머니S,5
보람,Noun,머니투데이,4
보람,Noun,메트로신문,1
보람,Noun,문화뉴스,7
보람,Noun,문화일보,1
보람,Noun,미디어스,1
보람,Noun,미디어오늘,1
보람,Noun,미디어펜,1
보람,Noun,민중의소리,1
보람,Noun,법률방송뉴스,1
보람,Noun,베타뉴스,1
보람,Noun,부산일보,6
보람,Noun,브릿지경제,2
보람,Noun,블록체인밸리,2
보람,Noun,비욘드포스트,4
보람,Noun,서울경제,3
보람,Noun,서울신문,3
보람,Noun,서울와이어,2
보람,Noun,세계일보,5
보람,Noun,스타뉴스,2
보람,Noun,스타데일리뉴스,2
보람,Noun,스타트업투데이,1
보람,Noun,스포츠Q,2
보람,Noun,스포츠경향,2
보람,Noun,스포츠서울,2
보람,Noun,스포츠투데이,5
보람,Noun,스포츠한국,1
보람,Noun,시민일보,5
보람,Noun,시빅뉴스,1
보람,Noun,시사매거진,3
보람,Noun,시사저널,1
보람,Noun,시선뉴스,2
보람,Noun,싱글리스트,4
보람,Noun,아시아경제,3
보람,Noun,아시아뉴스통신,1
보람,Noun,아시아타임즈,1
보람,Noun,아시아투데이,7
보람,Noun,아주경제,6
보람,Noun,안전신문,1
보람,Noun,업코리아,5
보람,Noun,에너지경제,3
보람,Noun,엑스포츠뉴스,1
보람,Noun,엘르,2
보람,Noun,여성조선,1
보람,Noun,연합뉴스,1
보람,Noun,영남일보,1
보람,Noun,오가닉라이프신문,1
보람,Noun,오피니언뉴스,1
보람,Noun,울산종합일보,3
보람,Noun,월간조선,2
보람,Noun,웹데일리,1
보람,Noun,위키리스크한국,3
보람,Noun,위키트리,7
보람,Noun,이뉴스투데이,1
보람,Noun,이데일리,7
보람,Noun,이코노뉴스,1
보람,Noun,이투데이,9
보람,Noun,인사이트,3
보람,Noun,인사이트코리아,2
보람,Noun,인천일보,1
보람,Noun,인터뷰365,1
보람,Noun,일간리더스경제,4
보람,Noun,일간투데이,2
보람,Noun,일요시사,2
보람,Noun,일요신문,1
보람,Noun,전기신문,3
보람,Noun,제민일보,3
보람,Noun,제주교통복지신문,4
보람,Noun,조선에듀,1
보람,Noun,조선일보,3
보람,Noun,조세일보,2
보람,Noun,중도일보,3
보람,Noun,중부일보,2
보람,Noun,천지일보,4
보람,Noun,축산신문,1
보람,Noun,충청리뷰,2
보람,Noun,충청매일,1
보람,Noun,쿠키뉴스,1
보람,Noun,크리스천투데이,1
보람,Noun,톱데일리,1
보람,Noun,톱스타뉴스,3
보람,Noun,티브이데일리,3
보람,Noun,파이낸셜 뉴스,1
보람,Noun,파이낸셜뉴스,3
보람,Noun,하비엔,1
보람,Noun,한강타임즈,1
보람,Noun,한국경제,10
보람,Noun,한국금융신문,3
보람,Noun,한국스포츠통신,3
보람,Noun,한국일보,2
보람,Noun,한국정경신문,1
보람,Noun,한라일보,1
보람,Noun,한스경제,4
보람,Noun,허프포스트코리아,2
보람,Noun,헤럴드경제,1
보람,Noun,화이트페이퍼,6
보람,Noun,환경미디어,4
보며,Verb,파이낸셜뉴스,1
보유,Noun,뉴스렙,1
보유,Noun,대구일보,1
보유,Noun,시사매거진,1
보유,Noun,업코리아,1
보유,Noun,환경미디어,1
보이콧,Noun,경남매일신문,1
보인,Verb,뉴스렙,1
보증금,Noun,머니S,1
보호,Noun,BBC News 코리아,1
보호,Noun,녹색경제신문,1
보호,Noun,안전신문,1
보호,Noun,톱데일리,1
보호,Noun,한국경제,2
보호,Noun,환경미디어,1
보호처분,Noun,AI타임스,1
보호처분,Noun,국제신문,1
보호처분,Noun,뉴스인사이드,1
보호처분,Noun,부산일보,1
보호처분,Noun,위키리스크한국,1
본,Verb,매경이코노미,1
본,Verb,문화일보,1
본인,Noun,비욘드포스트,1
볼까,Verb,조선일보,1
봤더니,Verb,아주경제,1
봤더니,Verb,한국경제,1
부동산,Noun,국민일보,1
부동산,Noun,아주경제,1
부동산,Noun,이뉴스투데이,1
부러웠던,Adjective,위키트리,1
부럽다,Adjective,문화뉴스,1
부럽다,Adjective,위키리스크한국,1
부르는,Verb,오피니언뉴스,1
부모,Noun,국민일보,1
부모,Noun,국제뉴스,1
부모,Noun,뉴스인사이드,2
부모,Noun,블록체인밸리,2
부모,Noun,서울경제,1
부모,Noun,에너지경제,1
부모,Noun,전기신문,1
부모님,Noun,녹색경제신문,1
부모님,Noun,뉴스렙,1
부모님,Noun,위키트리,1
부모님,Noun,환경미디어,1
부상,Noun,매경이코노미,1
부자,Noun,SBS funE,1
부자,Noun,위키트리,1
부적,Noun,인사이트,1
부정,Noun,오피니언뉴스,1
부터,Josa,뉴스렙,1
부터,Josa,더셀럽,1
분석,Noun,시사매거진,1
분석,Noun,인천일보,1
불과,Noun,싱글리스트,1
불편한,Adjective,이데일리,1
뷰,Foreign,국민일보,1
뷰,Foreign,아주경제,1
뷰,Noun,골프타임즈,1
뷰,Noun,일간리더스경제,1
뷰,Noun,제민일보,1
뷰,Noun,한국금융신문,1
뷰가,Foreign,sbn뉴스,1
브루노,Noun,아주경제,1
브이,Noun,광명지역신문,1
브이,Noun,제주교통복지신문,1
블레이드,Noun,인사이트코리아,1
비,Noun,국제신문,2
비,Noun,싱글리스트,1
비결,Noun,KBS,1
비결,Noun,YTN,1
비결,Noun,파이낸셜뉴스,1
비결,Noun,하비엔,1
비결,Noun,한국일보,1
비난,Noun,경상매일신문,1
비난,Noun,독서신문,1
비난,Noun,이투데이,1
비난,Noun,크리스천투데이,1
비상,Noun,경상매일신문,1
비판,Noun,골프타임즈,1
비판,Noun,국제신문,1
비판,Noun,제민일보,1
비해,Verb,중도일보,1
빌딩,Noun,EBN,1
빌딩,Noun,KBS,1
빌딩,Noun,MBN,2
빌딩,Noun,MK스포츠,1
빌딩,Noun,Queen,1
빌딩,Noun,SBS funE,1
빌딩,Noun,STN 스포츠,1
빌딩,Noun,UPI뉴스,2
빌딩,Noun,YTN,3
빌딩,Noun,경기일보,1
빌딩,Noun,경인일보,1
빌딩,Noun,경향신문,1
빌딩,Noun,광명지역신문,1
빌딩,Noun,교통신문,1
빌딩,Noun,국민일보,1
빌딩,Noun,국제신문,5
빌딩,Noun,글로벌이코노믹,2
빌딩,Noun,금강일보,2
빌딩,Noun,남도일보,1
빌딩,Noun,녹색경제신문,1
빌딩,Noun,뉴스1,1
빌딩,Noun,뉴스웨이,1
빌딩,Noun,뉴스인사이드,1
빌딩,Noun,뉴스컬처,1
빌딩,Noun,뉴스투데이,1
빌딩,Noun,뉴시스,1
빌딩,Noun,더셀럽,1
빌딩,Noun,데일리안,1
빌딩,Noun,동아일보,1
빌딩,Noun,마이데일리,5
빌딩,Noun,매일경제,6
빌딩,Noun,머니투데이,3
빌딩,Noun,메트로신문,1
빌딩,Noun,문화뉴스,2
빌딩,Noun,문화일보,1
빌딩,Noun,미디어오늘,1
빌딩,Noun,미디어펜,1
빌딩,Noun,민중의소리,1
빌딩,Noun,부산일보,2
빌딩,Noun,브릿지경제,1
빌딩,Noun,서울경제,1
빌딩,Noun,서울신문,2
빌딩,Noun,서울와이어,1
빌딩,Noun,세계일보,2
빌딩,Noun,스타뉴스,2
빌딩,Noun,스타데일리뉴스,2
빌딩,Noun,스포츠경향,1
빌딩,Noun,스포츠동아,1
빌딩,Noun,스포츠서울,2
빌딩,Noun,스포츠투데이,1
빌딩,Noun,스포츠한국,1
빌딩,Noun,시민일보,1
빌딩,Noun,시선뉴스,3
빌딩,Noun,싱글리스트,2
빌딩,Noun,아시아경제,1
빌딩,Noun,아시아뉴스통신,1
빌딩,Noun,아시아투데이,2
빌딩,Noun,아주경제,2
빌딩,Noun,업코리아,1
빌딩,Noun,엘르,1
빌딩,Noun,여성조선,1
빌딩,Noun,오가닉라이프신문,1
빌딩,Noun,울산종합일보,1
빌딩,Noun,위키트리,2
빌딩,Noun,이데일리,1
빌딩,Noun,인사이트,2
빌딩,Noun,인사이트코리아,1
빌딩,Noun,인터뷰365,1
빌딩,Noun,조선일보,1
빌딩,Noun,조세일보,1
빌딩,Noun,중부일보,1
빌딩,Noun,충청리뷰,1
빌딩,Noun,쿠키뉴스,1
빌딩,Noun,톱스타뉴스,2
빌딩,Noun,티브이데일리,2
빌딩,Noun,한강타임즈,1
빌딩,Noun,한국경제,3
빌딩,Noun,한국금융신문,1
빌딩,Noun,한스경제,2
빌딩,Noun,허프포스트코리아,1
빌딩,Noun,헤럴드경제,1
빌딩,Noun,환경미디어,1
빛,Noun,경상일보,1
빛,Noun,시사매거진,1
빛,Noun,업코리아,1
빛과,Noun,일요신문,1
빠졌다,Verb,강원일보,1
뺨,Noun,뉴스1,1
뽀,Noun,데일리그리드,1
뿌리거나,Verb,전기신문,1
뿐,Suffix,웹데일리,1
사는,Verb,더리더,1
사들여,Verb,경상일보,1
사들여,Verb,국제신문,1
사들이는,Verb,아주경제,1
사라지나,Verb,톱데일리,1
사람,Noun,이데일리,1
사례,Noun,크리스천투데이,1
사례,Noun,한라일보,1
사로잡아,Verb,제민일보,1
사로잡은,Verb,하비엔,1
사무,Noun,인사이트,1
사법,Noun,글로벌이코노믹,1
사생활,Noun,경남매일신문,1
사생활,Noun,녹색경제신문,1
사생활,Noun,이투데이,2
사생활,Noun,환경미디어,1
사소한,Adjective,글로벌에듀,1
사실,Noun,미디어오늘,1
사실,Noun,이투데이,1
사연,Noun,시민일보,1
사용,Noun,녹색경제신문,1
사이,Noun,AI타임스,1
사이,Noun,경향신문,1
사이,Noun,매일신문,1
사이,Noun,한국정경신문,1
사이트,Noun,시사매거진,1
사이트,Noun,인천일보,1
사자,Noun,울산종합일보,1
사진,Noun,경기도민일보,1
사진,Noun,내외뉴스통신,1
사회,Noun,헤럴드경제,1
삭제,Noun,문화뉴스,1
삭제,Noun,톱스타뉴스,1
삭제,Noun,화이트페이퍼,1
산,Noun,KBS,1
산,Noun,MBN,1
산,Noun,UPI뉴스,1
산,Noun,YTN,1
산,Noun,뉴스투데이,1
산,Noun,머니투데이,1
산,Noun,서울경제,1
산,Noun,서울신문,1
산,Noun,아시아뉴스통신,1
산,Noun,한국경제,1
살,Noun,MBN,2
살,Noun,Queen,1
살,Noun,UPI뉴스,1
살,Noun,YTN,1
살,Noun,강원일보,1
살,Noun,경기일보,1
살,Noun,교통신문,1
살,Noun,국제신문,2
살,Noun,글로벌이코노믹,1
살,Noun,금강일보,1
살,Noun,뉴스1,1
살,Noun,뉴스컬처,1
살,Noun,뉴스투데이,1
살,Noun,뉴시스,1
살,Noun,대구일보,1
살,Noun,데일리한국,1
살,Noun,동아일보,1
살,Noun,마이데일리,1
살,Noun,매일경제,4
살,Noun,머니투데이,2
살,Noun,메트로신문,1
살,Noun,미디어펜,1
살,Noun,브릿지경제,1
살,Noun,서울경제,1
살,Noun,서울신문,2
살,Noun,스포츠동아,1
살,Noun,스포츠한국,1
살,Noun,시민일보,3
살,Noun,시사저널,1
살,Noun,아시아경제,1
살,Noun,엘르,2
살,Noun,여성조선,1
살,Noun,연합뉴스,1
살,Noun,울산종합일보,1
살,Noun,월간조선,1
살,Noun,위키트리,1
살,Noun,인사이트,1
살,Noun,일간투데이,1
살,Noun,조선일보,1
살,Noun,중도일보,1
살,Noun,천지일보,1
살,Noun,충청리뷰,1
살,Noun,쿠키뉴스,1
살,Noun,톱스타뉴스,1
살,Noun,한강타임즈,1
살,Noun,한국경제,2
살,Noun,한국금융신문,1
살,Noun,한국일보,1
살,Noun,한스경제,1
살,Noun,헤럴드경제,1
살,Noun,화이트페이퍼,1
살기,Noun,이데일리,1
살유튜버,Noun,금강일보,1
살유튜버,Noun,부산일보,1
살유튜버,Noun,중도일보,1
살유튜버,Noun,화이트페이퍼,1
살펴보니,Verb,국제신문,1
삼촌,Noun,하비엔,1
샀나,Verb,인사이트,1
샀다,Verb,Queen,1
샀다,Verb,국민일보,1
샀다,Verb,국제신문,2
샀다,Verb,뉴스1,1
샀다,Verb,동아일보,1
샀다,Verb,매일경제,1
샀다,Verb,머니투데이,2
샀다,Verb,인사이트,1
상,Suffix,경기도민일보,1
상,Suffix,내외뉴스통신,1
상,Suffix,충청매일,1
상담,Noun,파이낸셜뉴스,1
상당,Noun,경인일보,1
상당,Noun,국제신문,1
상당,Noun,스타뉴스,1
상당,Noun,스포츠경향,1
상당,Noun,중부일보,1
상대,Noun,국민일보,1
상대,Noun,머니투데이,1
상대,Noun,스포츠투데이,1
상대,Noun,월간조선,1
상대,Noun,위키트리,1
상대,Noun,중도일보,1
상반,Noun,뉴스렙,1
상상,Noun,SR타임스,1
상상,Noun,뉴스토마토,1
상업,Noun,크리스천투데이,1
상업,Noun,한라일보,1
상위,Noun,뉴스타운,1
상위,Noun,마이데일리,1
상위,Noun,제민일보,1
상황,Noun,국제신문,1
상황,Noun,부산일보,1
상황,Noun,서울신문,1
상황,Noun,위키리스크한국,1
상황,Noun,위키트리,1
상황,Noun,티브이데일리,1
색다른,Adjective,내외뉴스통신,1
생,Noun,조선일보,1
생식기,Noun,전기신문,1
생태계,Noun,데일리그리드,1
서울,Noun,광명지역신문,1
서울,Noun,인사이트코리아,1
선,Noun,파이낸셜 뉴스,1
선고,Noun,환경미디어,1
섣불리,Noun,허프포스트코리아,1
설,Noun,남도일보,1
성,Modifier,뉴스인사이드,1
성,Suffix,YTN,1
성,Suffix,헤럴드경제,1
성공,Noun,에너지경제,1
성공,Noun,크리스천투데이,1
성공,Noun,한라일보,1
성공한,Adjective,전기신문,1
성공했지만,Adjective,국제뉴스,1
성범죄,Noun,인천일보,1
성실히,Adjective,천지일보,1
성인,Noun,글로벌에듀,1
세,Noun,MK스포츠,1
세,Noun,SBS funE,1
세,Noun,SR타임스,1
세,Noun,UPI뉴스,1
세,Noun,경남매일신문,1
세,Noun,국민일보,1
세,Noun,국제뉴스,1
세,Noun,국제신문,1
세,Noun,굿모닝경제,1
세,Noun,뉴스브라이트,1
세,Noun,뉴스타운,1
세,Noun,뉴스토마토,1
세,Noun,대구일보,1
세,Noun,데일리안,1
세,Noun,마이데일리,2
세,Noun,매일경제,2
세,Noun,문화뉴스,1
세,Noun,미주한국일보,1
세,Noun,스타뉴스,1
세,Noun,스타데일리뉴스,1
세,Noun,스포츠Q,1
세,Noun,스포츠경향,1
세,Noun,스포츠서울,2
세,Noun,스포츠투데이,1
세,Noun,시선뉴스,1
세,Noun,위키트리,1
세,Noun,이데일리,2
세,Noun,일요시사,1
세,Noun,조선일보,1
세,Noun,조세일보,1
세,Noun,파이낸셜뉴스,1
세계,Noun,글로벌이코노믹,1
세금,Noun,국제신문,1
세금,Noun,시사매거진,1
세금,Noun,울산종합일보,1
세금,Noun,천지일보,1
세아,Noun,문화일보,1
세이브더칠드런,Noun,녹색경제신문,1
세이브더칠드런,Noun,환경미디어,1
소개,Noun,뉴시스,1
소녀,Noun,경기도민일보,1
소녀,Noun,내외뉴스통신,1
소녀,Noun,매일경제,1
소득,Noun,세계일보,1
소득,Noun,위키트리,1
소리,Noun,SBS funE,1
소리,Noun,뉴스렙,1
소리,Noun,스포츠투데이,1
소리,Noun,아주경제,1
소리,Noun,이뉴스투데이,1
소리,Noun,티브이데일리,1
소리,Noun,하비엔,1
소셜,Noun,인사이트코리아,1
소소한,Adjective,강원일보,1
소식,Noun,금강일보,1
소식,Noun,뉴스인사이드,1
소식,Noun,브릿지경제,1
소식,Noun,중도일보,1
소식,Noun,화이트페이퍼,1
소아,Noun,인천일보,1
소유,Noun,아주경제,1
소유,Noun,한강타임즈,1
소유,Noun,한국경제,1
소재,Noun,경상매일신문,1
소재,Noun,시선뉴스,1
속,Noun,경기도민일보,1
속,Noun,경향신문,1
속사정,Noun,스포츠Q,1
속사정,Noun,제주교통복지신문,1
송도,Noun,아시아투데이,1
쇼,Noun,마이데일리,1
쇼,Noun,시민일보,1
숍,Noun,경남데일리,1
수,Noun,BBC News 코리아,1
수,Noun,국제신문,1
수,Noun,더셀럽,1
수,Noun,문화뉴스,1
수,Noun,아주경제,1
수,Noun,엘르,1
수,Noun,제민일보,1
수,Noun,환경미디어,1
수도,Noun,아주경제,1
수록,Noun,로이슈,1
수록,Noun,웹데일리,1
수십,Noun,남도일보,1
수십억,Modifier,STN 스포츠,1
수십억,Modifier,일요시사,1
수십억,Modifier,제민일보,1
수십억,Modifier,한국금융신문,1
수익,Noun,AI타임스,1
수익,Noun,KBS,1
수익,Noun,MK스포츠,1
수익,Noun,Queen,1
수익,Noun,YTN,1
수익,Noun,경남매일신문,1
수익,Noun,경상매일신문,2
수익,Noun,경향신문,1
수익,Noun,공감신문,1
수익,Noun,교통신문,1
수익,Noun,국민일보,1
수익,Noun,국제신문,3
수익,Noun,굿모닝경제,1
수익,Noun,글로벌이코노믹,1
수익,Noun,금강일보,1
수익,Noun,내외경제tv,1
수익,Noun,뉴스렙,1
수익,Noun,뉴스웍스,1
수익,Noun,뉴스인사이드,1
수익,Noun,뉴스타운,1
수익,Noun,뉴스토마토,1
수익,Noun,데일리안,1
수익,Noun,데일리한국,3
수익,Noun,독서신문,1
수익,Noun,마이데일리,2
수익,Noun,매일경제,1
수익,Noun,머니투데이,1
수익,Noun,문화뉴스,4
수익,Noun,문화일보,1
수익,Noun,미디어펜,1
수익,Noun,브릿지경제,1
수익,Noun,스포츠경향,1
수익,Noun,스포츠투데이,1
수익,Noun,시민일보,1
수익,Noun,시선뉴스,1
수익,Noun,아시아경제,1
수익,Noun,아시아타임즈,1
수익,Noun,아시아투데이,1
수익,Noun,아주경제,1
수익,Noun,에너지경제,1
수익,Noun,엑스포츠뉴스,1
수익,Noun,울산종합일보,1
수익,Noun,월간조선,1
수익,Noun,위키리스크한국,1
수익,Noun,이데일리,1
수익,Noun,이코노뉴스,1
수익,Noun,이투데이,4
수익,Noun,인사이트,1
수익,Noun,인사이트코리아,1
수익,Noun,일간투데이,1
수익,Noun,제민일보,1
수익,Noun,조선일보,1
수익,Noun,조세일보,2
수익,Noun,중도일보,1
수익,Noun,중부일보,1
수익,Noun,톱스타뉴스,1
수익,Noun,티브이데일리,1
수익,Noun,하비엔,1
수익,Noun,한강타임즈,1
수익,Noun,한국경제,1
수익,Noun,한국금융신문,3
수익,Noun,한국일보,1
수익,Noun,한스경제,1
수입,Noun,SR타임스,1
수입,Noun,STN 스포츠,1
수입,Noun,경인일보,1
수입,Noun,국제신문,3
수입,Noun,굿모닝경제,1
수입,Noun,금강일보,2
수입,Noun,남도일보,1
수입,Noun,뉴스1,2
수입,Noun,뉴스브라이트,1
수입,Noun,뉴스투데이,1
수입,Noun,대구일보,1
수입,Noun,더셀럽,1
수입,Noun,데일리그리드,1
수입,Noun,데일리시큐,1
수입,Noun,매일경제,1
수입,Noun,머니S,2
수입,Noun,머니투데이,1
수입,Noun,메트로신문,1
수입,Noun,부산일보,1
수입,Noun,서울경제,1
수입,Noun,서울신문,1
수입,Noun,스타뉴스,1
수입,Noun,스타데일리뉴스,2
수입,Noun,시민일보,1
수입,Noun,아시아투데이,2
수입,Noun,아주경제,2
수입,Noun,이뉴스투데이,1
수입,Noun,제민일보,1
수입,Noun,천지일보,1
수입,Noun,쿠키뉴스,1
수입,Noun,티브이데일리,2
수입,Noun,한국경제,1
수입,Noun,한국정경신문,1
수입,Noun,한스경제,1
수준,Noun,일요시사,1
수천만,Modifier,대구일보,1
수천만,Modifier,로이슈,1
수천만,Modifier,웹데일리,1
수치,Noun,부산일보,1
수칙,Noun,동아일보,1
순,Modifier,환경미디어,1
순,Noun,조선일보,2
순수한,Adjective,스타데일리뉴스,1
순위,Noun,매일신문,1
숨은,Verb,스포츠Q,1
숨은,Verb,울산종합일보,1
숨은,Verb,일간투데이,1
숫자,Noun,오피니언뉴스,1
쉽게,Verb,교통신문,1
쉽게,Verb,브릿지경제,1
쉽게,Verb,서울와이어,1
슝슝,Noun,뉴스브라이트,1
스쿨,Noun,한국스포츠통신,1
스타,Noun,글로벌이코노믹,1
스타,Noun,매경이코노미,1
스타,Noun,서울신문,1
스타,Noun,조선일보,1
스페인,Noun,sbn뉴스,1
스페인,Noun,축산신문,1
슬,Noun,티브이데일리,1
시대,Noun,MBC,1
시대,Noun,더리더,1
시대,Noun,조선일보,1
시리즈,Noun,법률방송뉴스,1
시샘,Noun,녹색경제신문,1
시샘,Noun,뉴스렙,1
시샘,Noun,환경미디어,1
시선,Noun,내외뉴스통신,1
시선,Noun,일요시사,1
시선,Noun,제민일보,1
시선,Noun,환경미디어,1
시세,Noun,머니S,1
시작,Noun,글로벌에듀,1
시작,Noun,뉴스브라이트,1
시작,Noun,서울와이어,1
시작,Noun,조선에듀,1
시작,Noun,중도일보,1
시장,Noun,매경이코노미,2
시절,Noun,블록체인밸리,2
시키는,Verb,서울경제,1
시킨,Verb,이투데이,2
신,Noun,매일신문,1
신,Noun,한국정경신문,1
신상털이,Noun,경남매일신문,1
신상털이,Noun,이투데이,2
신화,Noun,서울경제,1
신화,Noun,인터뷰365,1
신화,Noun,톱데일리,1
실검,Noun,일간리더스경제,1
실제,Noun,경상매일신문,1
실제,Noun,국민일보,1
실제,Noun,일간투데이,1
실제,Noun,중도일보,1
실체,Noun,위키트리,1
실화,Noun,교통신문,1
실화,Noun,문화뉴스,1
실화,Noun,스타트업투데이,1
실화,Noun,위키리스크한국,1
실화,Noun,제주교통복지신문,1
실화,Noun,중도일보,1
실화,Noun,화이트페이퍼,1
싫어요,Adjective,국제신문,1
심리,Noun,파이낸셜뉴스,1
싶다,Verb,데일리한국,1
싶었을까,Verb,한국일보,1
싹,Noun,인사이트,1
쓸데없는,Adjective,아시아투데이,1
쓸어,Verb,울산종합일보,1
쓸어,Verb,일간투데이,1
아,Josa,국제뉴스,1
아,Josa,뉴스타운,1
아,Josa,아주경제,1
아,Josa,일요시사,1
아냐,Verb,파이낸셜 뉴스,1
아니다,Adjective,이투데이,1
아동,Noun,국제신문,1
아동,Noun,노컷뉴스,1
아동,Noun,뉴스1,1
아동,Noun,매경이코노미,1
아동,Noun,머니S,1
아동,Noun,에너지경제,1
아동,Noun,전기신문,1
아동,Noun,톱데일리,1
아동,Noun,파이낸셜뉴스,1
아동,Noun,한국경제,2
아동,Noun,헤럴드경제,1
아동학대,Noun,AI타임스,1
아동학대,Noun,BBC News 코리아,1
아동학대,Noun,CIVIC뉴스,1
아동학대,Noun,CNB저널,1
아동학대,Noun,MBN,1
아동학대,Noun,YTN,1
아동학대,Noun,경향신문,1
아동학대,Noun,국민일보,1
아동학대,Noun,국제신문,1
아동학대,Noun,내외경제tv,1
아동학대,Noun,뉴스브라이트,1
아동학대,Noun,뉴스인사이드,3
아동학대,Noun,뉴스컬처,1
아동학대,Noun,리서치페이퍼,1
아동학대,Noun,머니S,1
아동학대,Noun,머니투데이,1
아동학대,Noun,문화뉴스,1
아동학대,Noun,미디어스,1
아동학대,Noun,부산일보,2
아동학대,Noun,서울경제,1
아동학대,Noun,서울신문,1
아동학대,Noun,스포츠경향,1
아동학대,Noun,아시아경제,1
아동학대,Noun,안전신문,1
아동학대,Noun,영남일보,1
아동학대,Noun,위키리스크한국,1
아동학대,Noun,이데일리,1
아동학대,Noun,충청리뷰,1
아동학대,Noun,톱스타뉴스,1
아동학대,Noun,포쓰저널,1
아동학대,Noun,한국경제,4
아동학대,Noun,한국정경신문,1
아동학대,Noun,한스경제,1
아메리카,Noun,시빅뉴스,1
아무나,Noun,조선일보,1
아무나,Noun,파이낸셜 뉴스,1
아빠,Noun,AI타임스,1
아빠,Noun,내외경제tv,1
아빠,Noun,뉴스컬처,1
아빠,Noun,부산일보,1
아빠,Noun,서울신문,1
아빠,Noun,업코리아,2
아이,Noun,CIVIC뉴스,1
아이,Noun,SR타임스,1
아이,Noun,경향신문,2
아이,Noun,국제뉴스,1
아이,Noun,대구일보,1
아이,Noun,더리더,1
아이,Noun,로이슈,1
아이,Noun,매일경제,1
아이,Noun,매일신문,1
아이,Noun,서울경제,1
아이,Noun,세계일보,1
아이,Noun,아시아경제,1
아이,Noun,월간조선,1
아이,Noun,웹데일리,1
아이,Noun,위키리스크한국,1
아이,Noun,전기신문,1
아이,Noun,충청리뷰,1
아이,Noun,티브이데일리,1
아이,Noun,한겨례,1
아이,Noun,한국경제,1
아이,Noun,한국정경신문,1
아찔한,Adjective,뉴스브라이트,1
아파트,Noun,아시아투데이,1
아파트,Noun,아주경제,1
아픈,Adjective,국민일보,1
아픈,Adjective,울산종합일보,1
악의,Noun,울산종합일보,1
안,Noun,뉴스인사이드,1
안,Noun,일간리더스경제,1
안,Noun,허프포스트코리아,1
안,VerbPrefix,파이낸셜 뉴스,1
않은,Verb,제주교통복지신문,1
알,Noun,국민일보,1
알,Noun,데일리한국,1
알,Noun,로이슈,1
알,Noun,리서치페이퍼,1
알,Noun,스포츠투데이,1
알,Noun,아주경제,1
알,Noun,웹데일리,1
알,Noun,위키트리,1
알고싶다,Noun,CNB저널,1
알고싶다,Noun,싱글리스트,1
알고싶다,Noun,포쓰저널,1
알고싶다,Noun,한국경제,2
알려,Verb,뉴스인사이드,1
암,Noun,더리더,1
애,Noun,세계일보,1
애,Noun,울산종합일보,1
애,Noun,월간조선,1
애,Noun,한국경제,1
애도,Noun,한국경제,1
액,Noun,데일리한국,1
액,Noun,부산일보,1
액,Noun,천지일보,1
액체,Noun,경상매일신문,1
액체,Noun,이투데이,2
액체,Noun,티브이데일리,1
야,Josa,문화뉴스,1
야,Josa,위키리스크한국,1
약,Noun,데일리한국,1
약,Noun,부산일보,1
약,Noun,천지일보,1
양,Noun,CNB저널,1
양,Noun,경상매일신문,1
양,Noun,파이낸셜뉴스,1
양,Noun,한강타임즈,1
양,Suffix,국민일보,1
양,Suffix,조세일보,1
어느,Adverb,위키트리,1
어느,Adverb,톱스타뉴스,1
어디,Noun,아주경제,1
어떤,Adjective,매일신문,1
어떤,Adjective,월간조선,1
어떻게,Adjective,BBC News 코리아,1
어떻게,Adjective,아주경제,1
어떻게,Adjective,한국경제,1
어떻길래,Adjective,경상일보,1
어떻길래,Adjective,글로벌에듀,1
어른,Noun,경향신문,1
어른,Noun,매일경제,1
어린아이가,Verb,뉴스1,1
어린이,Noun,글로벌이코노믹,1
어린이,Noun,녹색경제신문,1
어린이,Noun,동아일보,1
어린이,Noun,마이데일리,1
어린이,Noun,비욘드포스트,1
어린이,Noun,서울경제,1
어린이,Noun,스타트업투데이,1
어린이,Noun,아이뉴스,1
어린이,Noun,이데일리,1
어린이,Noun,제주교통복지신문,1
어린이,Noun,파이낸셜뉴스,1
어린이,Noun,환경미디어,1
어마,Exclamation,대구일보,2
어마,Exclamation,로이슈,2
어마,Exclamation,업코리아,2
어마,Exclamation,웹데일리,2
어마어마한,Adjective,국민일보,1
어마어마한,Adjective,글로벌이코노믹,1
어마어마한,Adjective,마이데일리,1
어마어마한,Adjective,위키트리,2
억,Modifier,SBS funE,1
억,Noun,경상일보,1
억,Noun,남도일보,1
억,Noun,뉴스렙,1
억,Noun,문화뉴스,1
억,Noun,스포츠투데이,1
억,Noun,아주경제,1
억,Noun,이뉴스투데이,1
억,Noun,티브이데일리,1
억대,Noun,경상일보,2
억대,Noun,광명지역신문,1
억대,Noun,글로벌에듀,1
억대,Noun,노컷뉴스,1
억대,Noun,데일리한국,1
얻는,Verb,국제신문,2
얻은,Verb,녹색경제신문,1
얻은,Verb,환경미디어,1
얼,Noun,금강일보,1
얼마,Noun,AI타임스,1
얼마,Noun,MBC,1
얼마,Noun,경인일보,1
얼마,Noun,국제신문,2
얼마,Noun,글로벌이코노믹,1
얼마,Noun,내외경제tv,1
얼마,Noun,메트로신문,1
얼마,Noun,미디어펜,1
얼마,Noun,서울신문,1
얼마,Noun,이뉴스투데이,1
얼마,Noun,이투데이,2
얼마,Noun,일간투데이,1
얼마,Noun,티브이데일리,1
얼마,Noun,한국경제,1
얼마,Noun,한스경제,1
얼마나,Noun,KBS,1
얼마나,Noun,경상일보,1
얼마나,Noun,광명지역신문,1
얼마나,Noun,국민일보,1
얼마나,Noun,글로벌에듀,1
얼마나,Noun,기호일보,1
얼마나,Noun,뉴스웍스,1
얼마나,Noun,머니투데이,1
얼마나,Noun,아시아타임즈,1
얼마나,Noun,한스경제,1
엄마,Noun,글로벌에듀,1
엄마,Noun,뉴스브라이트,1
엄마,Noun,서울와이어,1
엄마,Noun,중도일보,1
엄마,Noun,화이트페이퍼,1
엄청난,Adjective,일간리더스경제,1
엄청난,Adjective,환경미디어,1
업,Noun,세계일보,1
업계,Noun,뉴스타운,1
업계,Noun,제민일보,1
업체,Noun,조선일보,1
없는,Adjective,헤럴드경제,1
없다,Adjective,인사이트,1
없다,Adjective,제민일보,1
없다,Adjective,조선일보,1
없다,Adjective,파이낸셜뉴스,1
엇갈려,Verb,뉴스웨이,1
엇갈린,Verb,뉴스인사이드,1
에,Foreign,뉴스1,1
에,Foreign,뉴시스,1
에,Foreign,문화뉴스,1
에,Foreign,브릿지경제,1
에,Foreign,연합뉴스,1
에,Foreign,조선일보,1
에,Foreign,티브이데일리,1
에,Foreign,한스경제,1
에,Josa,CIVIC뉴스,1
에,Josa,UPI뉴스,1
에,Josa,YTN,1
에,Josa,강원일보,1
에,Josa,경상매일신문,1
에,Josa,경상일보,1
에,Josa,광명지역신문,1
에,Josa,국민일보,2
에,Josa,국제신문,4
에,Josa,글로벌이코노믹,2
에,Josa,금강일보,3
에,Josa,남도일보,1
에,Josa,녹색경제신문,3
에,Josa,뉴스브라이트,1
에,Josa,뉴스인사이드,4
에,Josa,데일리그리드,1
에,Josa,데일리시큐,1
에,Josa,매일경제,2
에,Josa,문화일보,1
에,Josa,민중의소리,1
에,Josa,법률방송뉴스,1
에,Josa,베타뉴스,1
에,Josa,부산일보,1
에,Josa,브릿지경제,1
에,Josa,비욘드포스트,1
에,Josa,서울경제,2
에,Josa,스포츠Q,1
에,Josa,스포츠투데이,2
에,Josa,시사매거진,1
에,Josa,아시아투데이,1
에,Josa,아주경제,2
에,Josa,업코리아,2
에,Josa,울산종합일보,1
에,Josa,월간조선,1
에,Josa,위키트리,2
에,Josa,인사이트코리아,1
에,Josa,일간투데이,1
에,Josa,전기신문,1
에,Josa,제민일보,1
에,Josa,조선일보,2
에,Josa,중도일보,2
에,Josa,톱스타뉴스,2
에,Josa,한국금융신문,1
에,Josa,한국일보,1
에,Josa,허프포스트코리아,2
에,Josa,화이트페이퍼,1
에,Josa,환경미디어,2
에게,Josa,글로벌에듀,1
에게,Josa,내외경제tv,1
에게,Josa,뉴스인사이드,1
에게,Josa,대구일보,1
에게,Josa,서울경제,1
에게,Josa,전기신문,1
에게,Josa,한국경제,1
에겐,Josa,월간조선,2
에는,Josa,녹색경제신문,1
에도,Josa,녹색경제신문,1
에도,Josa,뉴스1,1
에도,Josa,뉴스렙,1
에도,Josa,한국정경신문,1
에서,Josa,AI타임스,1
에서,Josa,뉴스브라이트,1
에서,Josa,매일신문,1
에서,Josa,한국정경신문,1
에서,Josa,화이트페이퍼,1
에서는,Josa,일간리더스경제,1
에서도,Josa,AI타임스,1
엔,Josa,뉴스브라이트,1
엔,Josa,한국경제,2
여,Noun,국제뉴스,1
여,Noun,뉴스타운,1
여,Noun,일요시사,1
여론,Noun,울산종합일보,1
여론,Noun,제민일보,1
여론,Noun,한국금융신문,1
여명,Foreign,강원일보,1
여섯,Determiner,동아일보,1
여섯,Noun,시사저널,1
여섯,Noun,한국일보,1
여자,Noun,뉴스인사이드,1
여전,Noun,울산종합일보,1
여전,Noun,이투데이,2
여지,Noun,이투데이,1
역대,Noun,스타트업투데이,1
역할,Noun,골프타임즈,1
역할,Noun,뉴스인사이드,1
역할,Noun,제민일보,1
역할,Noun,한국금융신문,1
연,Noun,국제신문,1
연,Noun,머니S,1
연,Noun,인사이트,1
연기,Noun,국제뉴스,2
연기,Noun,대구일보,1
연기,Noun,서울경제,1
연기,Noun,에너지경제,2
연기,Noun,이데일리,1
연기,Noun,전기신문,2
연봉,Noun,국제뉴스,1
연봉,Noun,뉴스타운,1
연봉,Noun,일요시사,1
연예인,Noun,뉴스1,1
연출,Noun,뉴스웨이,1
연출,Noun,뉴스컬처,1
연출,Noun,부산일보,1
연출,Noun,서울신문,1
열,Noun,울산종합일보,1
열,Noun,일간투데이,1
열심히,Adverb,조선일보,1
열심히,Adverb,파이낸셜뉴스,1
열풍,Noun,월간조선,1
열풍,Noun,허프포스트코리아,1
영상,Noun,EBN,1
영상,Noun,뉴스인사이드,1
영상,Noun,서울경제,1
영상,Noun,아주경제,1
영상,Noun,일간리더스경제,1
영업,Noun,비욘드포스트,1
영업,Noun,스타트업투데이,1
영업,Noun,제주교통복지신문,1
영화,Noun,동아일보,1
예방,Noun,BBC News 코리아,1
예상,Noun,아시아타임즈,1
오류,Noun,데일리한국,1
오해,Noun,아주경제,1
온,Noun,위키트리,1
온라인,Noun,일간리더스경제,1
온라인,Noun,제주교통복지신문,1
올라,Verb,톱스타뉴스,1
올려,Verb,CIVIC뉴스,1
올리려고,Verb,한국금융신문,1
옹호,Noun,국제신문,1
와,Josa,부산일보,1
와,Josa,아시아타임즈,1
와,Josa,아주경제,1
와,Josa,업코리아,2
와,Josa,한국경제,1
와,Josa,한스경제,1
와,Verb,매일경제,1
와,Verb,시사저널,1
와,Verb,인천일보,1
와,Verb,제주교통복지신문,1
와,Verb,축산신문,1
와글와글,Noun,YTN,1
완전,Noun,위키트리,1
왜,Noun,경상매일신문,1
왜,Noun,녹색경제신문,1
왜,Noun,뉴스렙,1
왜,Noun,뉴스인사이드,1
왜,Noun,이데일리,1
왜,Noun,인사이트,1
왜,Noun,톱스타뉴스,1
왜,Noun,화이트페이퍼,1
왜,Noun,환경미디어,1
외모,Noun,천지일보,1
요인,Noun,데일리한국,1
요인,Noun,스포츠Q,1
요청,Noun,한스경제,1
욕망,Noun,경향신문,1
욕망,Noun,한국경제,1
용도,Noun,시사매거진,1
우려,Noun,국민일보,1
우려,Noun,머니S,1
우려,Noun,이투데이,2
우려,Noun,일요시사,1
우려,Noun,제민일보,1
우려,Noun,한국경제,1
우려,Noun,한국금융신문,1
우리,Noun,동아일보,1
우리,Noun,한국경제,1
우리,Noun,환경미디어,1
우선,Noun,CNB저널,1
우여곡절,Noun,녹색경제신문,1
운영,Noun,STN 스포츠,1
운영,Noun,세계일보,2
운영,Noun,싱글리스트,2
운전,Noun,내외경제tv,1
운전,Noun,뉴스브라이트,1
운전,Noun,문화일보,1
울,Noun,스타트업투데이,1
움,Noun,로이슈,1
움,Noun,웹데일리,1
워,Noun,기호일보,1
워,Noun,당진신문,1
워,Noun,충청리뷰,1
워,Noun,충청매일,1
워킹맘,Noun,화이트페이퍼,1
원,Noun,UPI뉴스,1
원,Noun,경인일보,1
원,Noun,국제신문,2
원,Noun,뉴스브라이트,1
원,Noun,뉴스인사이드,1
원,Noun,더셀럽,1
원,Noun,부산일보,3
원,Noun,스타데일리뉴스,4
원,Noun,시선뉴스,1
원,Noun,이투데이,3
원한,Noun,한겨례,1
월,Noun,MK스포츠,1
월,Noun,SR타임스,1
월,Noun,STN 스포츠,1
월,Noun,경기도민일보,1
월,Noun,경상매일신문,1
월,Noun,공감신문,1
월,Noun,국민일보,1
월,Noun,국제신문,3
월,Noun,굿모닝경제,2
월,Noun,금강일보,2
월,Noun,내외뉴스통신,1
월,Noun,뉴스1,1
월,Noun,뉴스인사이드,1
월,Noun,뉴스투데이,1
월,Noun,대구일보,1
월,Noun,데일리그리드,1
월,Noun,데일리시큐,1
월,Noun,데일리안,1
월,Noun,데일리한국,2
월,Noun,독서신문,1
월,Noun,마이데일리,1
월,Noun,매경이코노미,1
월,Noun,매일경제,2
월,Noun,머니S,1
월,Noun,머니투데이,2
월,Noun,문화뉴스,2
월,Noun,미디어펜,1
월,Noun,부산일보,2
월,Noun,서울경제,1
월,Noun,서울신문,1
월,Noun,세계일보,2
월,Noun,스타데일리뉴스,2
월,Noun,시민일보,1
월,Noun,시사매거진,1
월,Noun,싱글리스트,1
월,Noun,아시아타임즈,1
월,Noun,아시아투데이,1
월,Noun,아주경제,1
월,Noun,업코리아,1
월,Noun,에너지경제,1
월,Noun,월간조선,1
월,Noun,위키트리,2
월,Noun,이투데이,1
월,Noun,중도일보,1
월,Noun,천지일보,1
월,Noun,쿠키뉴스,1
월,Noun,한국경제,3
월,Noun,한국금융신문,1
월,Noun,한국정경신문,1
월,Noun,헤럴드경제,1
월간,Noun,남도일보,1
월간,Noun,더셀럽,1
월급,Noun,국제뉴스,1
월급,Noun,뉴스타운,1
월급,Noun,아주경제,1
월급,Noun,일요시사,1
월등히,Adjective,뉴스웍스,1
월세,Noun,기호일보,1
월세,Noun,당진신문,1
월세,Noun,머니S,1
월세,Noun,조세일보,1
월세,Noun,충청매일,1
월세,Noun,화이트페이퍼,1
위,Noun,Queen,1
위,Noun,경향신문,1
위,Noun,금강일보,1
위,Noun,매일신문,1
위,Noun,머니S,1
위,Noun,법률방송뉴스,1
위,Noun,스포츠경향,1
위,Noun,아시아경제,1
위,Noun,아시아투데이,1
위,Noun,이투데이,2
위,Noun,조세일보,1
위,Noun,허프포스트코리아,1
위기,Noun,매일경제,1
위반,Noun,녹색경제신문,1
위반,Noun,환경미디어,1
위엄,Noun,금강일보,1
위키,Noun,문화뉴스,1
위키,Noun,톱스타뉴스,1
위키,Noun,화이트페이퍼,1
위해,Noun,에너지경제,2
유,Noun,데일리한국,1
유,Noun,머니S,1
유,Noun,한겨례,1
유명,Noun,경남매일신문,1
유아,Noun,경남매일신문,1
유아,Noun,블록체인밸리,3
유아,Noun,비욘드포스트,1
유아,Noun,이투데이,2
유아,Noun,제주교통복지신문,1
유익한,Adjective,독서신문,1
유투,Noun,경향신문,1
유투,Noun,공감신문,1
유튜,Noun,국제신문,1
유튜,Noun,노컷뉴스,1
유튜,Noun,뉴스1,1
유튜,Noun,문화일보,1
유튜,Noun,아주경제,1
유튜,Noun,일간투데이,1
유튜버,Noun,BBC News 코리아,1
유튜버,Noun,MBN,2
유튜버,Noun,MK스포츠,1
유튜버,Noun,Queen,1
유튜버,Noun,SBS funE,1
유튜버,Noun,UPI뉴스,1
유튜버,Noun,YTN,2
유튜버,Noun,강원일보,1
유튜버,Noun,경기일보,1
유튜버,Noun,경상매일신문,1
유튜버,Noun,교통신문,1
유튜버,Noun,국민일보,1
유튜버,Noun,국제뉴스,1
유튜버,Noun,국제신문,2
유튜버,Noun,글로벌이코노믹,1
유튜버,Noun,금강일보,1
유튜버,Noun,뉴스1,1
유튜버,Noun,뉴스인사이드,1
유튜버,Noun,뉴스컬처,1
유튜버,Noun,뉴스토마토,1
유튜버,Noun,뉴스투데이,1
유튜버,Noun,뉴시스,1
유튜버,Noun,대구일보,1
유튜버,Noun,데일리시큐,1
유튜버,Noun,데일리한국,1
유튜버,Noun,동아일보,1
유튜버,Noun,마이데일리,4
유튜버,Noun,매일경제,5
유튜버,Noun,매일신문,1
유튜버,Noun,머니S,1
유튜버,Noun,머니투데이,2
유튜버,Noun,메트로신문,1
유튜버,Noun,문화뉴스,1
유튜버,Noun,문화일보,1
유튜버,Noun,미디어펜,1
유튜버,Noun,미주한국일보,1
유튜버,Noun,브릿지경제,2
유튜버,Noun,서울경제,1
유튜버,Noun,서울신문,1
유튜버,Noun,세계일보,2
유튜버,Noun,스타뉴스,2
유튜버,Noun,스타데일리뉴스,1
유튜버,Noun,스포츠Q,2
유튜버,Noun,스포츠경향,1
유튜버,Noun,스포츠동아,1
유튜버,Noun,스포츠서울,2
유튜버,Noun,스포츠한국,1
유튜버,Noun,시민일보,3
유튜버,Noun,시선뉴스,1
유튜버,Noun,아시아경제,1
유튜버,Noun,아시아투데이,2
유튜버,Noun,에너지경제,1
유튜버,Noun,연합뉴스,1
유튜버,Noun,울산종합일보,1
유튜버,Noun,위키트리,2
유튜버,Noun,이데일리,2
유튜버,Noun,인사이트,1
유튜버,Noun,일요신문,1
유튜버,Noun,전기신문,1
유튜버,Noun,조선일보,1
유튜버,Noun,중도일보,1
유튜버,Noun,중부일보,1
유튜버,Noun,천지일보,1
유튜버,Noun,충청리뷰,1
유튜버,Noun,쿠키뉴스,1
유튜버,Noun,크리스천투데이,1
유튜버,Noun,톱스타뉴스,2
유튜버,Noun,파이낸셜뉴스,2
유튜버,Noun,한국경제,5
유튜버,Noun,한국금융신문,3
유튜버,Noun,한국일보,1
유튜버,Noun,한라일보,1
유튜버,Noun,한스경제,2
유튜버,Noun,허프포스트코리아,1
유튜버,Noun,헤럴드경제,1
유튜버,Noun,화이트페이퍼,2
유튜버라,Noun,아주경제,1
유튜버보,Noun,조선일보,1
유튜브,Noun,CIVIC뉴스,1
유튜브,Noun,KBS,2
유튜브,Noun,MBC,1
유튜브,Noun,Queen,1
유튜브,Noun,YTN,1
유튜브,Noun,경향신문,1
유튜브,Noun,국제신문,1
유튜브,Noun,글로벌이코노믹,1
유튜브,Noun,금강일보,1
유튜브,Noun,녹색경제신문,1
유튜브,Noun,뉴스1,1
유튜브,Noun,뉴스웨이,1
유튜브,Noun,더리더,1
유튜브,Noun,데일리그리드,1
유튜브,Noun,리서치페이퍼,1
유튜브,Noun,매경이코노미,1
유튜브,Noun,베타뉴스,1
유튜브,Noun,블록체인밸리,2
유튜브,Noun,서울경제,1
유튜브,Noun,서울신문,1
유튜브,Noun,서울와이어,1
유튜브,Noun,스타데일리뉴스,1
유튜브,Noun,시사매거진,2
유튜브,Noun,아시아투데이,1
유튜브,Noun,아이뉴스,1
유튜브,Noun,아주경제,2
유튜브,Noun,오가닉라이프신문,1
유튜브,Noun,위키트리,1
유튜브,Noun,이데일리,1
유튜브,Noun,이투데이,1
유튜브,Noun,인사이트,1
유튜브,Noun,인천일보,1
유튜브,Noun,인터뷰365,1
유튜브,Noun,일요신문,1
유튜브,Noun,전기신문,1
유튜브,Noun,제민일보,1
유튜브,Noun,조선일보,3
유튜브,Noun,조세일보,1
유튜브,Noun,중도일보,1
유튜브,Noun,중부일보,2
유튜브,Noun,충청리뷰,1
유튜브,Noun,톱데일리,1
유튜브,Noun,파이낸셜 뉴스,1
유튜브,Noun,파이낸셜뉴스,1
유튜브,Noun,한국경제,2
유튜브,Noun,한국금융신문,3
유튜브,Noun,한스경제,1
유튜브,Noun,환경미디어,1
유트버,Noun,글로벌이코노믹,1
유해,Noun,헤럴드경제,1
유행,Noun,이투데이,2
유혹,Noun,조선일보,1
육박,Noun,SR타임스,1
으로,Josa,YTN,2
으로,Josa,경남데일리,1
으로,Josa,기호일보,1
으로,Josa,뉴스타운,1
으로,Josa,당진신문,1
으로,Josa,매경이코노미,1
으로,Josa,머니투데이,1
으로,Josa,문화일보,1
으로,Josa,블록체인밸리,2
으로,Josa,시민일보,1
으로,Josa,위키트리,1
으로,Josa,인사이트코리아,1
으로,Josa,제민일보,1
으로,Josa,충청매일,1
으로,Josa,한국금융신문,1
은,Josa,KBS,1
은,Josa,YTN,1
은,Josa,sbn뉴스,1
은,Josa,경상매일신문,1
은,Josa,국민일보,1
은,Josa,국제신문,1
은,Josa,남도일보,1
은,Josa,노컷뉴스,1
은,Josa,뉴스인사이드,2
은,Josa,대구일보,1
은,Josa,데일리한국,1
은,Josa,독서신문,1
은,Josa,마이데일리,1
은,Josa,부산일보,1
은,Josa,스포츠Q,1
은,Josa,시민일보,1
은,Josa,시선뉴스,1
은,Josa,아주경제,2
은,Josa,울산종합일보,1
은,Josa,위키리스크한국,1
은,Josa,일요신문,1
은,Josa,천지일보,1
은,Josa,파이낸셜뉴스,1
은,Josa,하비엔,1
은,Josa,한국일보,1
을,Josa,경남매일신문,1
을,Josa,국제신문,1
을,Josa,뉴스인사이드,1
을,Josa,매일경제,1
을,Josa,브릿지경제,1
을,Josa,비욘드포스트,1
을,Josa,아시아뉴스통신,1
을,Josa,엘르,1
을,Josa,월간조선,2
을,Josa,위키트리,1
을,Josa,이데일리,1
을,Josa,이투데이,2
을,Josa,일간리더스경제,1
을,Josa,조선일보,1
을,Josa,한국경제,2
을,Josa,허프포스트코리아,1
음악,Noun,뉴스1,1
응보,Noun,뉴스인사이드,1
의,Josa,AI타임스,1
의,Josa,SR타임스,1
의,Josa,UPI뉴스,1
의,Josa,경기도민일보,1
의,Josa,경남매일신문,1
의,Josa,경향신문,2
의,Josa,굿모닝경제,1
의,Josa,글로벌에듀,2
의,Josa,금강일보,1
의,Josa,내외뉴스통신,1
의,Josa,뉴스인사이드,1
의,Josa,더드라이브,1
의,Josa,더리더,1
의,Josa,로이슈,1
의,Josa,매일경제,2
의,Josa,부산일보,1
의,Josa,블록체인밸리,3
의,Josa,비욘드포스트,1
의,Josa,스타트업투데이,1
의,Josa,시민일보,1
의,Josa,시사매거진,2
의,Josa,에너지경제,1
의,Josa,웹데일리,1
의,Josa,이코노뉴스,1
의,Josa,인천일보,1
의,Josa,일간투데이,1
의,Josa,일요시사,1
의,Josa,조선일보,1
의,Josa,파이낸셜뉴스,1
의,Josa,한국경제,1
의,Josa,화이트페이퍼,1
의,Noun,광명지역신문,1
의,Noun,뉴스타운,1
의,Noun,동아일보,1
의,Noun,법률방송뉴스,1
의,Noun,오피니언뉴스,1
의,Noun,위키트리,2
의,Noun,이데일리,1
의,Noun,인사이트,1
의,Noun,조선에듀,1
의,Noun,크리스천투데이,1
의,Noun,한라일보,1
의사,Noun,CNB저널,1
의혹,Noun,전기신문,1
이,Josa,CNB저널,1
이,Josa,UPI뉴스,1
이,Josa,YTN,1
이,Josa,경상일보,1
이,Josa,경인일보,1
이,Josa,공감신문,1
이,Josa,교통신문,1
이,Josa,국제뉴스,1
이,Josa,국제신문,5
이,Josa,글로벌에듀,2
이,Josa,녹색경제신문,1
이,Josa,뉴스1,1
이,Josa,뉴스렙,1
이,Josa,뉴스브라이트,1
이,Josa,뉴스인사이드,2
이,Josa,뉴스컬처,1
이,Josa,대구일보,1
이,Josa,데일리한국,1
이,Josa,동아일보,1
이,Josa,매일경제,1
이,Josa,머니S,1
이,Josa,문화뉴스,1
이,Josa,미디어펜,1
이,Josa,부산일보,1
이,Josa,비욘드포스트,1
이,Josa,서울경제,1
이,Josa,스포츠투데이,1
이,Josa,시민일보,1
이,Josa,싱글리스트,1
이,Josa,아시아경제,1
이,Josa,아시아투데이,1
이,Josa,아주경제,1
이,Josa,업코리아,1
이,Josa,월간조선,1
이,Josa,위키리스크한국,1
이,Josa,위키트리,4
이,Josa,이뉴스투데이,1
이,Josa,이데일리,2
이,Josa,제주교통복지신문,1
이,Josa,조선에듀,1
이,Josa,조선일보,1
이,Josa,중부일보,2
이,Josa,포쓰저널,1
이,Josa,한국경제,3
이,Josa,화이트페이퍼,1
이,Noun,금강일보,1
이,Noun,데일리그리드,1
이,Noun,월간조선,1
이,Noun,중도일보,1
이,Noun,화이트페이퍼,1
이,Suffix,금강일보,1
이,Suffix,내외경제tv,1
이,Suffix,데일리안,1
이,Suffix,시사저널,1
이,Suffix,업코리아,2
이,Suffix,엘르,1
이,Suffix,여성조선,1
이,Suffix,한국경제,1
이길래,Verb,sbn뉴스,1
이길래,Verb,광명지역신문,1
이길래,Verb,글로벌에듀,1
이길래,Verb,시사매거진,2
이길래,Verb,아주경제,1
이길래,Verb,업코리아,1
이는,Verb,인천일보,1
이다,Josa,MBN,1
이다,Josa,한국정경신문,1
이대로,Adverb,이데일리,1
이랑,Josa,이데일리,1
이러니,Conjunction,글로벌이코노믹,1
이러니,Conjunction,이코노뉴스,1
이런,Adjective,일간리더스경제,1
이렇게,Adverb,위키트리,1
이룬,Verb,인터뷰365,1
이뤄,Verb,인사이트코리아,1
이르는,Verb,녹색경제신문,1
이르는,Verb,뉴스렙,1
이름,Noun,톱스타뉴스,1
이면,Noun,경남매일신문,1
이면,Noun,더드라이브,1
이면,Noun,한국경제,2
이모,Noun,하비엔,1
이보람,Noun,UPI뉴스,1
이보람,Noun,대구일보,1
이보람,Noun,오가닉라이프신문,1
이보람,Noun,충청리뷰,1
이보람,Noun,한강타임즈,1
이상,Noun,뉴스인사이드,1
이상,Noun,마이데일리,1
이상,Noun,민중의소리,1
이상,Noun,서울경제,1
이상,Noun,시민일보,2
이상,Noun,이코노뉴스,1
이상,Noun,헤럴드경제,1
이야기,Noun,데일리그리드,1
이어져,Verb,경상매일신문,1
이어져,Verb,일요시사,1
이용,Noun,경남데일리,1
이용,Noun,아시아경제,1
이용,Noun,티브이데일리,1
이유,Noun,KBS,1
이유,Noun,UPI뉴스,1
이유,Noun,뉴스컬처,1
이유,Noun,서울와이어,1
이유,Noun,스포츠서울,1
이유,Noun,시선뉴스,1
이유,Noun,아시아뉴스통신,1
이유,Noun,안전신문,1
이유,Noun,엘르,1
이유,Noun,위키리스크한국,1
이유,Noun,일간투데이,1
이유,Noun,중도일보,1
이유,Noun,톱스타뉴스,1
이유,Noun,한라일보,1
이유,Noun,허프포스트코리아,1
이유,Noun,화이트페이퍼,1
이의,Noun,sbn뉴스,1
이의,Noun,이데일리,1
이의,Noun,축산신문,1
이의,Noun,허프포스트코리아,1
이자,Noun,글로벌에듀,1
이제,Noun,서울경제,1
이태임,Noun,시빅뉴스,1
이틀,Noun,마이데일리,1
이해,Noun,뉴스인사이드,1
이효리,Noun,이뉴스투데이,1
이후,Noun,CIVIC뉴스,1
이후,Noun,글로벌에듀,1
인,Josa,위키리스크한국,1
인,Josa,위키트리,2
인,Josa,인사이트,1
인,Josa,화이트페이퍼,1
인,Noun,아주경제,1
인가,Josa,포쓰저널,2
인권,Noun,노컷뉴스,1
인기,Noun,KBS,1
인기,Noun,녹색경제신문,2
인기,Noun,뉴스렙,1
인기,Noun,뉴스인사이드,1
인기,Noun,데일리한국,2
인기,Noun,스포츠Q,1
인기,Noun,스포츠서울,1
인기,Noun,아주경제,1
인기,Noun,인사이트코리아,1
인기,Noun,톱스타뉴스,1
인기,Noun,파이낸셜뉴스,1
인기,Noun,환경미디어,2
인데,Josa,EBN,1
인들,Josa,시선뉴스,1
인식,Noun,스포츠투데이,1
인정,Noun,비욘드포스트,1
인정,Noun,스타트업투데이,1
인정,Noun,제주교통복지신문,1
인지,Josa,뉴스렙,2
인형,Noun,국제뉴스,1
인형,Noun,대구일보,1
인형,Noun,에너지경제,1
인형,Noun,이데일리,1
인형,Noun,전기신문,1
일,Noun,녹색경제신문,1
일,Noun,뉴스렙,1
일,Noun,이투데이,1
일,Noun,천지일보,1
일까,Verb,세계일보,2
일까,Verb,환경미디어,1
일부,Noun,경상매일신문,1
일부,Noun,이투데이,2
일상,Noun,강원일보,1
일정,Noun,이투데이,1
일침,Noun,브릿지경제,1
일침,Noun,중도일보,1
일침,Noun,화이트페이퍼,1
일파,Noun,대구일보,1
임대,Noun,머니S,1
임신,Noun,국제뉴스,1
임신,Noun,매일경제,1
임신,Noun,에너지경제,1
임신,Noun,전기신문,1
임원,Noun,국제뉴스,1
임원,Noun,뉴스타운,1
임원,Noun,일요시사,1
입,Noun,경상일보,1
입양,Noun,국제신문,1
입장,Noun,국제신문,1
잇따라,Verb,서울경제,1
잇따라,Verb,이투데이,1
있나,Adjective,BBC News 코리아,1
있네,Adjective,KBS,1
있는,Adjective,더리더,1
있는,Adjective,비욘드포스트,1
있다,Adjective,데일리한국,1
있다,Adjective,아주경제,1
있다,Adjective,울산종합일보,1
있어,Adjective,국제신문,1
있어,Adjective,부산일보,1
있어야,Adjective,경상매일신문,1
있었다,Adjective,YTN,1
있었던,Adjective,엘르,1
있지만,Adjective,조선일보,1
자,Suffix,글로벌에듀,1
자,Suffix,뉴스브라이트,1
자,Suffix,아시아투데이,1
자,Suffix,인천일보,1
자괴,Noun,국제신문,1
자괴,Noun,매일경제,1
자극,Noun,위키리스크한국,1
자녀,Noun,조선에듀,1
자리,Noun,제주교통복지신문,1
자만,Noun,민중의소리,1
자수,Noun,대구일보,1
자수,Noun,마이데일리,1
자수,Noun,아시아투데이,1
자수,Noun,조선일보,1
자의,Noun,톱스타뉴스,1
잘,Verb,아시아투데이,1
잘,Verb,이데일리,1
잡지,Noun,제주교통복지신문,1
장,Noun,경기도민일보,1
장,Noun,내외뉴스통신,1
장난감,Noun,EBN,1
장난감,Noun,뉴스1,1
장난감,Noun,뉴스브라이트,1
장난감,Noun,이투데이,2
장사,Noun,울산종합일보,1
재,Noun,YTN,1
재,Noun,미디어스,1
재,Noun,톱스타뉴스,1
재,Noun,한스경제,1
재미,Noun,제주교통복지신문,1
재벌,Noun,비욘드포스트,1
재벌,Noun,스타트업투데이,1
재벌,Noun,인터뷰365,1
재벌,Noun,제주교통복지신문,1
재산권,Noun,경남매일신문,1
재산권,Noun,이투데이,1
저격,Noun,아시아투데이,1
저력,Noun,뉴스타운,1
저작권,Noun,스포츠투데이,1
저작권,Noun,아주경제,1
적,Noun,아주경제,1
적,Noun,화이트페이퍼,1
적,Suffix,경상매일신문,1
적,Suffix,국민일보,1
적,Suffix,머니투데이,1
적,Suffix,스포츠투데이,1
적,Suffix,울산종합일보,1
적,Suffix,월간조선,1
적,Suffix,위키리스크한국,1
적,Suffix,위키트리,4
적,Suffix,일요시사,1
적,Suffix,제민일보,1
적,Suffix,중도일보,1
적,Suffix,크리스천투데이,1
적,Suffix,파이낸셜뉴스,1
적,Suffix,한국금융신문,1
적,Suffix,한라일보,1
적,Suffix,헤럴드경제,1
적극,Noun,스포츠투데이,1
적신호,Noun,경남매일신문,1
적응해야해,Adjective,국제신문,1
전,Noun,뉴스브라이트,1
전문,Noun,시사매거진,1
전문,Noun,인천일보,1
전성,Noun,MBC,1
전세계,Noun,법률방송뉴스,1
전세계,Noun,하비엔,1
전적,Noun,국제뉴스,1
전적,Noun,에너지경제,1
전적,Noun,전기신문,1
전제,Noun,뉴스인사이드,1
전체,Noun,금강일보,1
절단,Noun,국제뉴스,1
절단,Noun,대구일보,1
절단,Noun,에너지경제,1
절단,Noun,이데일리,1
절단,Noun,전기신문,1
절도,Noun,문화일보,1
정기,Noun,파이낸셜뉴스,1
정당하게,Adjective,교통신문,1
정당한,Adjective,서울와이어,1
정당한,Adjective,티브이데일리,1
정도,Noun,금강일보,1
정도,Noun,톱스타뉴스,1
정말,Noun,한국일보,1
정서,Noun,일요시사,1
정서,Noun,제민일보,1
정서,Noun,한국금융신문,1
정책,Noun,위키트리,1
정책,Noun,인사이트,1
정체,Noun,YTN,1
제,Noun,이데일리,1
제,Noun,인사이트,1
제,Noun,조선에듀,1
제각각,Noun,국민일보,1
제외,Noun,서울경제,1
제작,Noun,데일리그리드,1
제작,Noun,베타뉴스,1
제작자,Noun,뉴스인사이드,1
제재,Noun,국민일보,1
제재,Noun,머니투데이,1
제재,Noun,베타뉴스,1
제재,Noun,한스경제,1
제한,Noun,경남매일신문,1
제한,Noun,경상매일신문,1
제한,Noun,이투데이,1
제휴,Noun,뉴스타운,1
제휴,Noun,제민일보,1
조,Modifier,골프타임즈,1
조,Modifier,뉴스1,1
조,Modifier,법률방송뉴스,1
조,Modifier,에너지경제,1
조,Modifier,제민일보,1
조,Modifier,한국금융신문,1
조,Modifier,한국일보,1
조명,Noun,YTN,1
조명,Noun,미디어스,1
조명,Noun,톱스타뉴스,1
조명,Noun,한스경제,1
조사,Noun,위키트리,1
조작,Noun,조선일보,1
조장,Noun,골프타임즈,1
조장,Noun,제민일보,1
조치,Noun,안전신문,1
조치,Noun,이투데이,1
조회,Noun,아주경제,1
존재,Noun,뉴스토마토,1
좋아하는,Adjective,대구일보,1
좋은가,Adjective,이데일리,1
좌,Noun,위키트리,1
좌,Noun,인사이트,1
죠,Josa,데일리그리드,1
주,Modifier,세계일보,1
주,Noun,경상일보,1
주,Noun,광명지역신문,1
주,Noun,매일경제,1
주,Noun,부산일보,1
주,Noun,스포츠Q,1
주,Noun,여성조선,1
주,Noun,이데일리,1
주,Noun,충청리뷰,1
주,Noun,한국경제,2
주관,Noun,제주교통복지신문,1
주목,Noun,뉴스1,1
주목,Noun,머니S,1
주목,Noun,미디어오늘,1
주목,Noun,조세일보,1
주의,Noun,한국금융신문,1
주인공,Noun,뉴스컬처,1
주인공,Noun,시선뉴스,1
주인공,Noun,한강타임즈,1
준다,Verb,머니투데이,1
준비,Noun,아주경제,1
준수,Noun,리서치페이퍼,1
준수,Noun,한국경제,2
중,Noun,부산일보,1
중개업,Noun,광명지역신문,1
중개업,Noun,인사이트코리아,1
중앙,Noun,세계일보,1
중인,Noun,세계일보,1
즐겨,Verb,뉴스인사이드,1
즐기는,Verb,비욘드포스트,1
증가,Noun,매일경제,1
증거,Noun,위키트리,1
지갑,Noun,AI타임스,1
지갑,Noun,국제신문,1
지갑,Noun,내외경제tv,1
지갑,Noun,뉴스컬처,1
지갑,Noun,서울신문,1
지금,Noun,한국경제,1
지나치게,Verb,데일리한국,1
지나치게,Verb,중도일보,1
지난,Noun,비욘드포스트,1
지난해,Noun,한국경제,1
지만,Josa,환경미디어,1
지상파,Noun,시사저널,1
지시,Noun,문화뉴스,1
지시,Noun,화이트페이퍼,1
지키나,Verb,노컷뉴스,1
직업,Noun,한국경제,1
직장,Noun,시선뉴스,1
직장인,Noun,국민일보,1
직접,Noun,이데일리,1
직종,Noun,기호일보,1
직종,Noun,당진신문,1
직종,Noun,충청매일,1
진실,Noun,아주경제,1
진실,Noun,위키트리,1
진정,Noun,일간리더스경제,1
진짜,Noun,울산종합일보,1
진짜,Noun,일간투데이,1
질투,Noun,독서신문,1
질투,Noun,아시아투데이,1
집,Noun,동아일보,1
집이라면,Verb,더리더,1
집중,Noun,내외뉴스통신,1
집행유예,Noun,한국금융신문,1
짜리,Verb,글로벌이코노믹,1
짜리,Verb,월간조선,1
짜리,Verb,인사이트,1
짜장,Noun,국민일보,1
짜장라면,Noun,아시아투데이,1
짜장면,Noun,엑스포츠뉴스,1
짜파게티,Noun,위키트리,1
째,Suffix,마이데일리,1
쩌,Noun,경상일보,1
쩐다,Noun,sbn뉴스,1
쯔양,Noun,시빅뉴스,1
쯔양,Noun,아주경제,1
차,Noun,뉴스브라이트,2
차단,Noun,녹색경제신문,1
차단,Noun,뉴스렙,1
차단,Noun,환경미디어,1
차도,Noun,뉴스브라이트,1
차로,Noun,국제뉴스,1
차로,Noun,에너지경제,1
차로,Noun,전기신문,1
착잡,Noun,에너지경제,1
참,Verb,이데일리,1
참고,Noun,동아일보,1
채널,Noun,KBS,1
채널,Noun,경향신문,1
채널,Noun,광명지역신문,1
채널,Noun,뉴스브라이트,1
채널,Noun,리서치페이퍼,1
채널,Noun,마이데일리,1
채널,Noun,매일신문,1
채널,Noun,스포츠경향,1
채널,Noun,시민일보,1
채널,Noun,아주경제,1
채널,Noun,이투데이,1
채널,Noun,인사이트,1
처럼,Josa,한국경제,1
처음,Noun,위키트리,1
천문학,Noun,경상매일신문,1
천칠백만,Noun,시사매거진,1
천칠백만,Noun,업코리아,1
철저히,Adjective,리서치페이퍼,1
청담,Noun,STN 스포츠,1
청담,Noun,경인일보,1
청담,Noun,아시아투데이,1
청담동,Noun,MBN,1
청담동,Noun,UPI뉴스,1
청담동,Noun,YTN,1
청담동,Noun,경기일보,1
청담동,Noun,경인일보,1
청담동,Noun,국제신문,4
청담동,Noun,글로벌이코노믹,1
청담동,Noun,금강일보,1
청담동,Noun,뉴스1,1
청담동,Noun,뉴스웨이,1
청담동,Noun,뉴시스,1
청담동,Noun,더셀럽,1
청담동,Noun,데일리안,1
청담동,Noun,마이데일리,1
청담동,Noun,매일경제,1
청담동,Noun,문화뉴스,1
청담동,Noun,미디어펜,1
청담동,Noun,비욘드포스트,1
청담동,Noun,세계일보,1
청담동,Noun,스타뉴스,1
청담동,Noun,스포츠경향,1
청담동,Noun,시선뉴스,1
청담동,Noun,아주경제,1
청담동,Noun,에너지경제,1
청담동,Noun,연합뉴스,1
청담동,Noun,조세일보,1
청담동,Noun,쿠키뉴스,1
청담동,Noun,한강타임즈,1
청담동,Noun,한국금융신문,1
청담동,Noun,한국일보,1
청담동,Noun,허프포스트코리아,1
청담동,Noun,헤럴드경제,1
청와대,Noun,위키트리,1
청와대,Noun,조선일보,1
청원,Noun,경남매일신문,1
청원,Noun,경상매일신문,1
청원,Noun,국민일보,1
청원,Noun,마이데일리,1
청원,Noun,머니투데이,1
청원,Noun,베타뉴스,1
청원,Noun,아시아투데이,1
청원,Noun,위키트리,1
청원,Noun,이투데이,1
청원,Noun,조선일보,1
청원,Noun,톱스타뉴스,1
청원,Noun,한스경제,1
초라하게,Adjective,아주경제,1
초월,Noun,SR타임스,1
초월,Noun,뉴스토마토,1
초토화,Noun,제주교통복지신문,1
촬영,Noun,동아일보,1
촬영현장,Noun,데일리시큐,1
최,Noun,CNB저널,1
최고,Noun,뉴스1,1
최고,Noun,뉴스인사이드,1
최고,Noun,매일경제,1
최고,Noun,시민일보,1
최고,Noun,아주경제,1
최대,Noun,STN 스포츠,1
최대,Noun,뉴스인사이드,1
최대,Noun,브릿지경제,1
최대,Noun,스타뉴스,1
최소,Noun,교통신문,1
최소,Noun,뉴스투데이,1
최소,Noun,대구일보,1
최소,Noun,머니S,1
최소,Noun,문화뉴스,1
최소,Noun,스포츠동아,1
최소,Noun,싱글리스트,1
최소,Noun,아시아투데이,1
최소,Noun,위키리스크한국,1
최소,Noun,이코노뉴스,1
최소,Noun,헤럴드경제,1
추정,Noun,MK스포츠,1
추정,Noun,마이데일리,1
추정,Noun,매일경제,1
추정,Noun,시민일보,2
추진,Noun,서울경제,1
출산,Noun,국제뉴스,1
출산,Noun,대구일보,1
출산,Noun,매일경제,1
출산,Noun,서울경제,1
출산,Noun,에너지경제,1
출산,Noun,이데일리,1
출산,Noun,전기신문,1
충격,Noun,문화뉴스,1
충격,Noun,안전신문,1
충격,Noun,위키트리,3
충격,Noun,화이트페이퍼,1
취소,Noun,화이트페이퍼,1
측,Noun,시사매거진,1
측,Suffix,데일리한국,1
측,Suffix,스타데일리뉴스,1
측,Suffix,이투데이,1
측,Suffix,천지일보,1
측,Suffix,화이트페이퍼,1
층,Noun,MBN,1
층,Noun,금강일보,1
층,Noun,뉴시스,1
층,Noun,더셀럽,1
층,Noun,연합뉴스,1
층,Noun,한국금융신문,1
치는,Verb,뉴스1,1
치료,Noun,국제신문,1
친구,Noun,한국스포츠통신,2
침해,Noun,경남매일신문,1
침해,Noun,이투데이,1
침해,Noun,톱데일리,1
커뮤니티,Noun,일간리더스경제,1
커지는,Verb,제민일보,1
컨텐츠,Noun,더리더,1
컨텐츠,Noun,한국경제,2
컵,Noun,국민일보,1
컷,Noun,위키트리,1
콘셉트,Noun,울산종합일보,1
콘텐츠,Noun,뉴스인사이드,1
콘텐츠,Noun,더드라이브,1
콘텐츠,Noun,매경이코노미,1
콘텐츠,Noun,매일경제,1
콘텐츠,Noun,전기신문,1
콘텐츠,Noun,헤럴드경제,1
콜라,Noun,뉴스웍스,1
크리에이터,Noun,아주경제,1
크리에이터,Noun,위키트리,1
크리에이터,Noun,한국금융신문,1
클릭,Noun,뉴스1,1
키즈,Noun,BBC News 코리아,1
키즈,Noun,경상매일신문,1
키즈,Noun,경향신문,1
키즈,Noun,공감신문,1
키즈,Noun,국제신문,1
키즈,Noun,뉴스인사이드,1
키즈,Noun,더드라이브,1
키즈,Noun,더리더,1
키즈,Noun,리서치페이퍼,1
키즈,Noun,매경이코노미,2
키즈,Noun,서울경제,1
키즈,Noun,세계일보,1
키즈,Noun,스포츠Q,1
키즈,Noun,아주경제,1
키즈,Noun,이투데이,1
키즈,Noun,인사이트,1
키즈,Noun,전기신문,1
키즈,Noun,중부일보,1
키즈,Noun,충청리뷰,1
키즈,Noun,한겨례,1
키즈,Noun,한국경제,4
키즈,Noun,한스경제,1
타,Noun,위키트리,1
탄식,Noun,전기신문,1
테크,Noun,세계일보,1
테크,Noun,월간조선,1
테크,Noun,한국경제,1
토이,Noun,제주교통복지신문,1
토이,Noun,한국스포츠통신,1
통령,Noun,데일리그리드,1
퇴사,Noun,허프포스트코리아,1
투자,Noun,녹색경제신문,1
투자,Noun,업코리아,1
투자,Noun,환경미디어,1
튜버,Noun,뉴스1,1
튜버,Noun,데일리한국,1
튜버,Noun,머니S,1
튜버,Noun,한겨례,1
튜브,Noun,AI타임스,1
튜브,Noun,BBC News 코리아,1
튜브,Noun,CIVIC뉴스,1
튜브,Noun,CNB저널,1
튜브,Noun,EBN,1
튜브,Noun,KBS,2
튜브,Noun,MBN,2
튜브,Noun,MK스포츠,1
튜브,Noun,SBS funE,1
튜브,Noun,SR타임스,1
튜브,Noun,STN 스포츠,1
튜브,Noun,UPI뉴스,1
튜브,Noun,YTN,4
튜브,Noun,sbn뉴스,1
튜브,Noun,강원일보,1
튜브,Noun,경기도민일보,1
튜브,Noun,경기일보,1
튜브,Noun,경남데일리,1
튜브,Noun,경남매일신문,2
튜브,Noun,경상매일신문,3
튜브,Noun,경상일보,2
튜브,Noun,경인일보,2
튜브,Noun,경향신문,1
튜브,Noun,골프타임즈,1
튜브,Noun,광명지역신문,3
튜브,Noun,교통신문,1
튜브,Noun,국민일보,2
튜브,Noun,국제뉴스,3
튜브,Noun,국제신문,6
튜브,Noun,굿모닝경제,1
튜브,Noun,글로벌에듀,3
튜브,Noun,글로벌이코노믹,4
튜브,Noun,금강일보,5
튜브,Noun,기호일보,1
튜브,Noun,남도일보,1
튜브,Noun,내외경제tv,1
튜브,Noun,내외뉴스통신,1
튜브,Noun,녹색경제신문,4
튜브,Noun,뉴스1,3
튜브,Noun,뉴스렙,3
튜브,Noun,뉴스브라이트,3
튜브,Noun,뉴스웍스,1
튜브,Noun,뉴스웨이,2
튜브,Noun,뉴스인사이드,5
튜브,Noun,뉴스컬처,2
튜브,Noun,뉴스타운,2
튜브,Noun,뉴스토마토,1
튜브,Noun,뉴스투데이,1
튜브,Noun,뉴시스,1
튜브,Noun,당진신문,1
튜브,Noun,대구일보,3
튜브,Noun,더드라이브,1
튜브,Noun,더리더,2
튜브,Noun,더셀럽,2
튜브,Noun,데일리그리드,2
튜브,Noun,데일리시큐,1
튜브,Noun,데일리안,1
튜브,Noun,데일리한국,4
튜브,Noun,독서신문,1
튜브,Noun,로이슈,1
튜브,Noun,리서치페이퍼,1
튜브,Noun,마이데일리,6
튜브,Noun,매경이코노미,1
튜브,Noun,매일경제,5
튜브,Noun,매일신문,2
튜브,Noun,머니S,4
튜브,Noun,머니투데이,4
튜브,Noun,메트로신문,1
튜브,Noun,문화뉴스,5
튜브,Noun,문화일보,1
튜브,Noun,미디어스,1
튜브,Noun,미디어오늘,1
튜브,Noun,민중의소리,1
튜브,Noun,법률방송뉴스,1
튜브,Noun,베타뉴스,1
튜브,Noun,부산일보,5
튜브,Noun,브릿지경제,2
튜브,Noun,블록체인밸리,2
튜브,Noun,비욘드포스트,3
튜브,Noun,서울경제,2
튜브,Noun,서울신문,3
튜브,Noun,서울와이어,2
튜브,Noun,세계일보,3
튜브,Noun,스타뉴스,2
튜브,Noun,스타데일리뉴스,2
튜브,Noun,스타트업투데이,1
튜브,Noun,스포츠Q,2
튜브,Noun,스포츠경향,2
튜브,Noun,스포츠서울,2
튜브,Noun,스포츠투데이,3
튜브,Noun,스포츠한국,1
튜브,Noun,시민일보,3
튜브,Noun,시빅뉴스,1
튜브,Noun,시사매거진,2
튜브,Noun,시선뉴스,2
튜브,Noun,싱글리스트,2
튜브,Noun,아시아경제,2
튜브,Noun,아시아뉴스통신,1
튜브,Noun,아시아타임즈,1
튜브,Noun,아시아투데이,5
튜브,Noun,아주경제,6
튜브,Noun,안전신문,1
튜브,Noun,업코리아,3
튜브,Noun,에너지경제,2
튜브,Noun,엑스포츠뉴스,1
튜브,Noun,엘르,1
튜브,Noun,영남일보,1
튜브,Noun,오가닉라이프신문,1
튜브,Noun,오피니언뉴스,1
튜브,Noun,울산종합일보,3
튜브,Noun,월간조선,2
튜브,Noun,웹데일리,1
튜브,Noun,위키리스크한국,2
튜브,Noun,위키트리,4
튜브,Noun,이뉴스투데이,1
튜브,Noun,이데일리,4
튜브,Noun,이코노뉴스,1
튜브,Noun,이투데이,9
튜브,Noun,인사이트,2
튜브,Noun,인사이트코리아,1
튜브,Noun,인천일보,1
튜브,Noun,인터뷰365,1
튜브,Noun,일간리더스경제,3
튜브,Noun,일간투데이,2
튜브,Noun,일요시사,2
튜브,Noun,일요신문,1
튜브,Noun,전기신문,3
튜브,Noun,제민일보,3
튜브,Noun,제주교통복지신문,4
튜브,Noun,조선일보,3
튜브,Noun,조세일보,1
튜브,Noun,중도일보,3
튜브,Noun,중부일보,1
튜브,Noun,천지일보,3
튜브,Noun,충청리뷰,2
튜브,Noun,충청매일,1
튜브,Noun,쿠키뉴스,1
튜브,Noun,크리스천투데이,1
튜브,Noun,톱데일리,1
튜브,Noun,톱스타뉴스,3
튜브,Noun,티브이데일리,3
튜브,Noun,파이낸셜 뉴스,1
튜브,Noun,파이낸셜뉴스,2
튜브,Noun,하비엔,1
튜브,Noun,한강타임즈,1
튜브,Noun,한국경제,9
튜브,Noun,한국금융신문,3
튜브,Noun,한국스포츠통신,3
튜브,Noun,한국일보,1
튜브,Noun,한국정경신문,1
튜브,Noun,한라일보,1
튜브,Noun,한스경제,3
튜브,Noun,허프포스트코리아,1
튜브,Noun,화이트페이퍼,5
튜브,Noun,환경미디어,4
트윈,Noun,글로벌이코노믹,1
티,Noun,법률방송뉴스,1
팅,Noun,sbn뉴스,1
팅,Noun,축산신문,1
파,Noun,대구일보,1
파,Noun,아시아투데이,1
파급,Noun,sbn뉴스,1
파장,Noun,베타뉴스,1
팍팍한데,Adjective,이데일리,1
판단,Noun,뉴스인사이드,1
패밀리,Noun,AI타임스,1
패밀리,Noun,STN 스포츠,1
패밀리,Noun,경상매일신문,1
패밀리,Noun,경인일보,1
패밀리,Noun,광명지역신문,1
패밀리,Noun,뉴시스,1
패밀리,Noun,문화뉴스,1
패밀리,Noun,부산일보,1
패밀리,Noun,비욘드포스트,1
패밀리,Noun,세계일보,2
패밀리,Noun,스포츠투데이,1
패밀리,Noun,시사매거진,1
패밀리,Noun,싱글리스트,2
패밀리,Noun,아시아투데이,1
패밀리,Noun,에너지경제,1
패밀리,Noun,연합뉴스,1
패밀리,Noun,인사이트코리아,1
패밀리,Noun,조세일보,1
패밀리,Noun,한국일보,1
패밀리,Noun,한스경제,1
패밀리,Noun,헤럴드경제,1
팩,Noun,위키트리,1
팬,Noun,sbn뉴스,1
팬,Noun,하비엔,1
페이,Noun,sbn뉴스,1
페이,Noun,축산신문,1
평균,Noun,데일리한국,1
평균,Noun,법률방송뉴스,1
평균,Noun,부산일보,1
평균,Noun,위키트리,1
평균,Noun,천지일보,1
평당,Adverb,영남일보,1
표적,Noun,경상매일신문,1
표적,Noun,서울경제,1
품목,Noun,경상매일신문,1
풍문,Noun,마이데일리,1
풍문,Noun,시민일보,1
퓨디파이,Noun,한국경제,1
하기,Verb,글로벌에듀,1
하기보다,Verb,크리스천투데이,1
하기에,Verb,금강일보,1
하나,Noun,국민일보,1
하는,Verb,뉴스인사이드,1
하는,Verb,대구일보,1
하는,Verb,세계일보,1
하는,Verb,스타트업투데이,1
하는,Verb,일요신문,1
하는,Verb,한스경제,1
하다,Verb,허프포스트코리아,1
하루,Noun,월간조선,1
하면,Verb,국제뉴스,1
하면,Verb,에너지경제,1
하면,Verb,전기신문,1
하소연,Noun,조선일보,1
하소연,Noun,파이낸셜뉴스,1
하지,Verb,글로벌이코노믹,1
하지,Verb,데일리그리드,1
하지,Verb,데일리시큐,1
하지,Verb,아시아투데이,1
하지,Verb,이코노뉴스,1
학,Noun,비욘드포스트,1
학,Noun,스타트업투데이,1
학,Noun,제주교통복지신문,1
학대,Noun,국제뉴스,1
학대,Noun,아이뉴스,1
학대,Noun,에너지경제,1
학대,Noun,일요시사,1
학대,Noun,전기신문,1
학대,Noun,제민일보,1
학대,Noun,파이낸셜뉴스,1
학대,Noun,한국금융신문,1
학부모,Noun,조선에듀,1
학생,Noun,파이낸셜뉴스,1
학적,Noun,뉴스웨이,1
한,Determiner,국민일보,1
한,Determiner,국제뉴스,1
한,Determiner,뉴스1,1
한,Determiner,뉴스웍스,1
한,Determiner,뉴스타운,1
한,Determiner,문화뉴스,1
한,Determiner,일요시사,1
한,Determiner,조선일보,1
한,Determiner,티브이데일리,1
한,Determiner,한강타임즈,1
한,Josa,녹색경제신문,2
한,Josa,뉴스1,1
한,Josa,뉴스렙,1
한,Josa,뉴스컬처,1
한,Josa,뉴스타운,1
한,Josa,대구일보,1
한,Josa,데일리그리드,1
한,Josa,데일리시큐,1
한,Josa,독서신문,1
한,Josa,베타뉴스,1
한,Josa,비욘드포스트,1
한,Josa,서울와이어,1
한,Josa,스타뉴스,1
한,Josa,스포츠서울,1
한,Josa,시선뉴스,1
한,Josa,아주경제,2
한,Josa,일요시사,1
한,Josa,제민일보,1
한,Josa,제주교통복지신문,1
한,Josa,조선에듀,1
한,Josa,중도일보,1
한,Josa,환경미디어,5
한,Verb,MBC,1
한,Verb,경기도민일보,1
한,Verb,경인일보,1
한,Verb,내외뉴스통신,1
한,Verb,녹색경제신문,1
한,Verb,뉴스렙,1
한,Verb,뉴스브라이트,1
한,Verb,데일리한국,1
한,Verb,아시아투데이,1
한,Verb,천지일보,1
한,Verb,화이트페이퍼,1
한국,Noun,글로벌이코노믹,1
한국,Noun,뉴스인사이드,1
한국,Noun,뉴시스,1
한국,Noun,매일신문,1
한국,Noun,아주경제,1
한국인,Noun,미주한국일보,1
한다는,Modifier,경남매일신문,1
한다는,Modifier,뉴스인사이드,1
한다는,Modifier,이투데이,2
한다면,Verb,당진신문,1
한다면,Verb,아주경제,1
한다면,Verb,충청매일,1
한마디,Noun,화이트페이퍼,1
한탄,Noun,녹색경제신문,1
한탄,Noun,뉴스렙,1
한탄,Noun,환경미디어,1
할,Verb,동아일보,1
할,Verb,미디어오늘,1
할,Verb,비욘드포스트,1
할,Verb,스타트업투데이,1
할,Verb,제민일보,1
할,Verb,제주교통복지신문,1
할,Verb,조선일보,1
할까,Verb,BBC News 코리아,1
할로윈,Noun,sbn뉴스,1
할로윈,Noun,축산신문,1
할머니,Noun,뉴스브라이트,1
함께,Adverb,업코리아,2
합의,Noun,헤럴드경제,1
합치,Noun,뉴스브라이트,1
핫이슈,Noun,중도일보,1
해,Noun,아시아투데이,1
해,Verb,문화뉴스,2
해,Verb,아시아경제,1
해,Verb,제민일보,1
해,Verb,조선일보,1
해,Verb,티브이데일리,1
해,Verb,파이낸셜 뉴스,1
해달라,Verb,경남매일신문,1
해도,Noun,골프타임즈,1
해명,Noun,CNB저널,1
해명,Noun,데일리한국,1
해명,Noun,부산일보,1
해명,Noun,천지일보,1
해볼까,Verb,이데일리,1
해서는,Verb,허프포스트코리아,1
해야,Verb,뉴스인사이드,1
해야,Verb,동아일보,1
해야,Verb,미디어오늘,1
해외,Noun,뉴스인사이드,1
해외,Noun,전기신문,1
해주길,Verb,이투데이,1
핵찌,Noun,뉴스렙,1
했나,Verb,아주경제,1
했나,Verb,한국경제,1
했는데,Verb,조선일보,1
했는데,Verb,파이낸셜뉴스,1
했다,Verb,위키트리,3
했다,Verb,톱스타뉴스,1
했다,Verb,화이트페이퍼,1
했던,Verb,환경미디어,1
행동,Noun,글로벌에듀,1
행보,Noun,일간리더스경제,1
향,Noun,녹색경제신문,1
향,Noun,독서신문,1
향,Noun,일요시사,1
향,Noun,환경미디어,1
허탈,Noun,국민일보,1
허탈,Noun,시선뉴스,1
허하라,Verb,한국경제,1
헉,Adverb,아시아투데이,1
헉,Adverb,하비엔,1
헤어,Noun,경남데일리,1
현,Modifier,위키트리,1
현실,Noun,오피니언뉴스,1
현실,Noun,일요신문,1
현재,Noun,경남데일리,1
현재,Noun,스포츠투데이,1
혐오,Noun,국제뉴스,1
혐오,Noun,뉴스웨이,1
혐오,Noun,뉴스인사이드,1
혐오,Noun,에너지경제,1
혐오,Noun,전기신문,1
혐의,Noun,뉴스인사이드,1
혐의,Noun,톱스타뉴스,1
형,Suffix,아주경제,1
형성,Noun,한국금융신문,1
혹은,Adverb,녹색경제신문,1
혹은,Adverb,환경미디어,1
혼란,Noun,YTN,1
홍준표,Noun,뉴스웍스,1
홍카,Noun,뉴스웍스,1
화,Suffix,뉴스인사이드,1
화들짝,Adverb,글로벌이코노믹,1
화들짝,Adverb,금강일보,1
화제,Noun,경기도민일보,1
화제,Noun,내외뉴스통신,1
화제,Noun,데일리한국,1
화제,Noun,문화뉴스,1
화제,Noun,미주한국일보,1
화제,Noun,스타데일리뉴스,1
화제,Noun,스타트업투데이,1
화제,Noun,조선일보,1
확,Noun,머니투데이,1
확산,Noun,한국금융신문,1
확실히,Adjective,제주교통복지신문,1
확충,Noun,인사이트,1
환경,Noun,데일리그리드,1
환경,Noun,베타뉴스,1
황금,Noun,경상일보,1
황금,Noun,시사매거진,1
황금,Noun,업코리아,1
황금알,Noun,매경이코노미,1
황금알,Noun,포쓰저널,1
황당,Noun,국제뉴스,1
회사,Noun,경기일보,1
회사,Noun,경인일보,1
회사,Noun,뉴스웨이,1
회사,Noun,뉴스인사이드,2
회사,Noun,마이데일리,1
회사,Noun,매일경제,1
회사,Noun,서울경제,1
회사,Noun,스포츠경향,1
회사,Noun,스포츠서울,1
회사,Noun,스포츠한국,1
회사,Noun,아시아경제,1
회사,Noun,이데일리,1
회사,Noun,조선일보,1
회사,Noun,중부일보,1
회사,Noun,허프포스트코리아,1
회수,Noun,골프타임즈,1
회수,Noun,뉴스1,1
회수,Noun,법률방송뉴스,1
회수,Noun,에너지경제,1
회수,Noun,제민일보,1
회수,Noun,한국금융신문,1
회수,Noun,한국일보,1
회의,Noun,조선일보,1
회의,Noun,파이낸셜뉴스,1
횟수,Noun,로이슈,1
횟수,Noun,웹데일리,1
효리,Noun,국민일보,1
후끈,Noun,영남일보,1
후추,Noun,전기신문,1
훔쳐,Verb,AI타임스,1
훔쳐,Verb,한국금융신문,1
훔치기,Verb,뉴스컬처,1
훔치는,Verb,국제신문,1
훔치는,Verb,서울신문,1
휘둥그레,Noun,비욘드포스트,1
휘둥그레,Noun,제주교통복지신문,1
힘,Noun,SR타임스,1
힘,Noun,로이슈,1
힘,Noun,웹데일리,1
힘,Noun,조선일보,1
＋,Foreign,뉴스투데이,1
